603963,大理药业首次公开发行股票招股意向书摘要,http://static.sse.com.cn/disclosure/listedinfo/announcement/c/2017-09-04/603963_20170904_4.pdf
603963,大理药业首次公开发行股票招股意向书附录,http://static.sse.com.cn/disclosure/listedinfo/announcement/c/2017-09-04/603963_20170904_3.pdf
603963,大理药业首次公开发行股票招股意向书,http://static.sse.com.cn/disclosure/listedinfo/announcement/c/2017-09-04/603963_20170904_2.pdf
603963,大理药业首次公开发行股票发行安排及初步询价公告,http://static.sse.com.cn/disclosure/listedinfo/announcement/c/2017-09-04/603963_20170904_1.pdf
603922,金鸿顺首次公开发行股票初步询价及推介公告,http://static.sse.com.cn/disclosure/listedinfo/announcement/c/2017-09-04/603922_20170904_4.pdf
603922,金鸿顺首次公开发行股票招股意向书,http://static.sse.com.cn/disclosure/listedinfo/announcement/c/2017-09-04/603922_20170904_3.pdf
603922,金鸿顺首次公开发行股票招股意向书摘要,http://static.sse.com.cn/disclosure/listedinfo/announcement/c/2017-09-04/603922_20170904_2.pdf
603922,金鸿顺首次公开发行股票招股意向书附录,http://static.sse.com.cn/disclosure/listedinfo/announcement/c/2017-09-04/603922_20170904_1.pdf
603959,百利科技5%以上股东减持股份计划公告,http://static.sse.com.cn/disclosure/listedinfo/announcement/c/2017-09-04/603959_20170904_1.pdf
600864,哈投股份：江海证券有限公司2017年公开发行公司债券信用评级报告,http://static.sse.com.cn/disclosure/listedinfo/announcement/c/2017-09-04/600864_20170904_5.pdf
600864,哈投股份：江海证券有限公司2017年公开发行公司债券（第一期）募集说明书,http://static.sse.com.cn/disclosure/listedinfo/announcement/c/2017-09-04/600864_20170904_4.pdf
600864,哈投股份：江海证券有限公司2017年公开发行公司债券（第一期）募集说明书摘要,http://static.sse.com.cn/disclosure/listedinfo/announcement/c/2017-09-04/600864_20170904_3.pdf
600864,哈投股份：江海证券有限公司2017年公开发行公司债券（第一期）发行公告,http://static.sse.com.cn/disclosure/listedinfo/announcement/c/2017-09-04/600864_20170904_2.pdf
600864,哈投股份关于全资子公司江海证券有限公司披露2017年公开发行公司债券（第一期）发行公告及募集说明书等文件的提示性公告,http://static.sse.com.cn/disclosure/listedinfo/announcement/c/2017-09-04/600864_20170904_1.pdf
600074,保千里关于公司及下属公司部分资金及房产被冻结的公告,http://static.sse.com.cn/disclosure/listedinfo/announcement/c/2017-09-04/600074_20170904_2.pdf
600079,人福医药收购资产进展公告,http://static.sse.com.cn/disclosure/listedinfo/announcement/c/2017-09-04/600079_20170904_1.pdf
600196,复星医药对外投资公告的补充公告,http://static.sse.com.cn/disclosure/listedinfo/announcement/c/2017-09-04/600196_20170904_1.pdf
603882,金域医学首次公开发行股票发行结果公告,http://static.sse.com.cn/disclosure/listedinfo/announcement/c/2017-09-04/603882_20170904_1.pdf
603813,原尚股份首次公开发行股票网上路演公告,http://static.sse.com.cn/disclosure/listedinfo/announcement/c/2017-09-04/603813_20170904_1.pdf
603648,畅联股份首次公开发行A股网上申购情况及中签率公告,http://static.sse.com.cn/disclosure/listedinfo/announcement/c/2017-09-04/603648_20170904_1.pdf
603386,广东骏亚首次公开发行股票网下发行初步配售结果及网上中签结果公告,http://static.sse.com.cn/disclosure/listedinfo/announcement/c/2017-09-04/603386_20170904_1.pdf
603321,梅轮电梯首次公开发行股票网上路演公告,http://static.sse.com.cn/disclosure/listedinfo/announcement/c/2017-09-04/603321_20170904_1.pdf
603183,建研院首次公开发行A股股票上市公告书暨2017年半年度财务报告,http://static.sse.com.cn/disclosure/listedinfo/announcement/c/2017-09-04/603183_20170904_2.pdf
603183,建研院公司章程,http://static.sse.com.cn/disclosure/listedinfo/announcement/c/2017-09-04/603183_20170904_1.pdf
603330,上海天洋关于公司主营产品价格调整的公告,http://static.sse.com.cn/disclosure/listedinfo/announcement/c/2017-09-04/603330_20170904_1.pdf
603126,中材节能发行股份购买资产停牌进展公告,http://static.sse.com.cn/disclosure/listedinfo/announcement/c/2017-09-04/603126_20170904_1.pdf
603611,诺力股份2017年第四次临时股东大会会议资料,http://static.sse.com.cn/disclosure/listedinfo/announcement/c/2017-09-04/603611_20170904_2.pdf
603611,诺力股份关于使用闲置募集资金购买理财产品赎回的公告,http://static.sse.com.cn/disclosure/listedinfo/announcement/c/2017-09-04/603611_20170904_1.pdf
603226,菲林格尔关于完成工商变更登记的公告,http://static.sse.com.cn/disclosure/listedinfo/announcement/c/2017-09-04/603226_20170904_1.pdf
603039,泛微网络关于公司办公地址变更的公告,http://static.sse.com.cn/disclosure/listedinfo/announcement/c/2017-09-04/603039_20170904_1.pdf
600919,江苏银行2017年第一次临时股东大会会议文件,http://static.sse.com.cn/disclosure/listedinfo/announcement/c/2017-09-04/600919_20170904_1.pdf
600701,工大高新发行股份购买资产停牌进展公告,http://static.sse.com.cn/disclosure/listedinfo/announcement/c/2017-09-04/600701_20170904_1.pdf
600697,欧亚集团2017年第二次临时股东大会材料,http://static.sse.com.cn/disclosure/listedinfo/announcement/c/2017-09-04/600697_20170904_2.pdf
600697,欧亚集团关于2016年度第四期超短期融资券兑付公告,http://static.sse.com.cn/disclosure/listedinfo/announcement/c/2017-09-04/600697_20170904_1.pdf
600622,嘉宝集团关于“14嘉宝债”公司债券回售实施的第一次提示性公告,http://static.sse.com.cn/disclosure/listedinfo/announcement/c/2017-09-04/600622_20170904_1.pdf
600400,红豆股份控股股东及其一致行动人增持股份计划公告,http://static.sse.com.cn/disclosure/listedinfo/announcement/c/2017-09-04/600400_20170904_3.pdf
600400,红豆股份：江苏世纪同仁律师事务所关于江苏红豆实业股份有限公司控股股东及其一致行动人增持股份专项核查的法律意见书,http://static.sse.com.cn/disclosure/listedinfo/announcement/c/2017-09-04/600400_20170904_2.pdf
600400,红豆股份控股股东及其一致行动人增持股份结果公告,http://static.sse.com.cn/disclosure/listedinfo/announcement/c/2017-09-04/600400_20170904_1.pdf
002897,[意华股份]首次公开发行A股发行结果公告,http://www.cninfo.com.cn/finalpage/2017-09-04/1203929346.PDF
002893,[华通热力]首次公开发行股票网上路演公告,http://www.cninfo.com.cn/finalpage/2017-09-04/1203929330.PDF
300467,[迅游科技]第二届董事会第三十五次会议决议公告,http://www.cninfo.com.cn/finalpage/2017-09-04/1203929310.PDF
300467,[迅游科技]关于召开2017年第六次临时股东大会的通知,http://www.cninfo.com.cn/finalpage/2017-09-04/1203929309.PDF
300467,[迅游科技]2017年股票期权与限制性股票激励计划（草案）（摘要）,http://www.cninfo.com.cn/finalpage/2017-09-04/1203929315.PDF
300467,[迅游科技]2017年员工持股计划（草案）摘要,http://www.cninfo.com.cn/finalpage/2017-09-04/1203929312.PDF
300467,[迅游科技]2017年股票期权与限制性股票激励计划（草案）,http://www.cninfo.com.cn/finalpage/2017-09-04/1203929314.PDF
300467,[迅游科技]第二届监事会第二十六次会议决议公告,http://www.cninfo.com.cn/finalpage/2017-09-04/1203929311.PDF
300467,[迅游科技]2017年股票期权与限制性股票激励计划激励对象名单,http://www.cninfo.com.cn/finalpage/2017-09-04/1203929307.PDF
300467,[迅游科技]2017年股票期权与限制性股票激励计划考核管理办法,http://www.cninfo.com.cn/finalpage/2017-09-04/1203929306.PDF
300467,[迅游科技]关于对外投资设立全资子公司的公告,http://www.cninfo.com.cn/finalpage/2017-09-04/1203929302.PDF
300467,[迅游科技]关于公司及子公司使用闲置自有资金购买理财产品的公告,http://www.cninfo.com.cn/finalpage/2017-09-04/1203929301.PDF
300467,[迅游科技]股权激励计划自查表,http://www.cninfo.com.cn/finalpage/2017-09-04/1203929299.PDF
300467,[迅游科技]独立董事公开征集委托投票权报告书,http://www.cninfo.com.cn/finalpage/2017-09-04/1203929308.PDF
300467,[迅游科技]关于使用闲置募集资金购买保本型银行理财产品的公告,http://www.cninfo.com.cn/finalpage/2017-09-04/1203929300.PDF
300467,[迅游科技]2017年员工持股计划管理办法,http://www.cninfo.com.cn/finalpage/2017-09-04/1203929316.PDF
300467,[迅游科技]2017年员工持股计划（草案）,http://www.cninfo.com.cn/finalpage/2017-09-04/1203929313.PDF
300467,[迅游科技]国金证券股份有限公司关于公司及子公司使用闲置自有资金购买理财产品的核查意见,http://www.cninfo.com.cn/finalpage/2017-09-04/1203929305.PDF
300467,[迅游科技]国金证券股份有限公司关于公司使用闲置募集资金购买保本型银行理财产品的核查意见,http://www.cninfo.com.cn/finalpage/2017-09-04/1203929304.PDF
300467,[迅游科技]北京市金杜律师事务所关于公司2017年股票期权与限制性股票激励计划（草案）的法律意见书,http://www.cninfo.com.cn/finalpage/2017-09-04/1203929317.PDF
300467,[迅游科技]独立董事意见,http://www.cninfo.com.cn/finalpage/2017-09-04/1203929303.PDF
300461,[田中精机]发行股份购买资产并募集配套资金暨关联交易报告书（草案）摘要,http://www.cninfo.com.cn/finalpage/2017-09-04/1203929289.PDF
300461,[田中精机]关于重大资产重组的一般风险提示公告,http://www.cninfo.com.cn/finalpage/2017-09-04/1203929273.PDF
300461,[田中精机]关于暂不复牌的提示性公告,http://www.cninfo.com.cn/finalpage/2017-09-04/1203929274.PDF
300461,[田中精机]第二届董事会第二十二次会议决议公告,http://www.cninfo.com.cn/finalpage/2017-09-04/1203929269.PDF
300461,[田中精机]发行股份购买资产并募集配套资金暨关联交易报告书（草案）,http://www.cninfo.com.cn/finalpage/2017-09-04/1203929298.PDF
300461,[田中精机]公司与龚伦勇等16名股东之发行股份购买资产协议,http://www.cninfo.com.cn/finalpage/2017-09-04/1203929282.PDF
300461,[田中精机]简式权益变动报告书,http://www.cninfo.com.cn/finalpage/2017-09-04/1203929281.PDF
300461,[田中精机]第二届监事会第十七次会议决议公告,http://www.cninfo.com.cn/finalpage/2017-09-04/1203929270.PDF
300461,[田中精机]重组报告书独立财务顾问核查意见表,http://www.cninfo.com.cn/finalpage/2017-09-04/1203929291.PDF
300461,[田中精机]公司与龚伦勇、彭君之业绩承诺及补偿协议,http://www.cninfo.com.cn/finalpage/2017-09-04/1203929283.PDF
300461,[田中精机]创业板上市公司重大资产重组方案首次披露对照表,http://www.cninfo.com.cn/finalpage/2017-09-04/1203929280.PDF
300461,[田中精机]关于重大资产重组对即期回报影响及公司采取措施的说明,http://www.cninfo.com.cn/finalpage/2017-09-04/1203929279.PDF
300461,[田中精机]董事会关于本次交易履行法定程序的完备性、合规性及提交法律文件的有效性的说明,http://www.cninfo.com.cn/finalpage/2017-09-04/1203929278.PDF
300461,[田中精机]董事会关于公司股票价格波动是否达到《关于规范上市公司信息披露及相关各方行为的通知》第五条相关标准的说明,http://www.cninfo.com.cn/finalpage/2017-09-04/1203929277.PDF
300461,[田中精机]公司与交易对方关于公司资产重组事宜采取的保密措施及保密制度的说明,http://www.cninfo.com.cn/finalpage/2017-09-04/1203929276.PDF
300461,[田中精机]截至2017年6月30日止的前次募集资金使用情况报告,http://www.cninfo.com.cn/finalpage/2017-09-04/1203929275.PDF
300461,[田中精机]深圳市远洋翔瑞机械有限公司审计报告及财务报表（2015年1月1日至2017年4月30日）,http://www.cninfo.com.cn/finalpage/2017-09-04/1203929285.PDF
300461,[田中精机]上市公司并购重组财务顾问专业意见附表第2号——重大资产重组,http://www.cninfo.com.cn/finalpage/2017-09-04/1203929296.PDF
300461,[田中精机]上市公司并购重组财务顾问专业意见附表第3号——发行股份购买资产,http://www.cninfo.com.cn/finalpage/2017-09-04/1203929295.PDF
300461,[田中精机]中德证券有限责任公司关于公司本次交易产业政策和交易类型之独立财务顾问核查意见,http://www.cninfo.com.cn/finalpage/2017-09-04/1203929294.PDF
300461,[田中精机]中德证券有限责任公司关于公司本次重大资产重组前12个月内购买、出售资产的核查意见,http://www.cninfo.com.cn/finalpage/2017-09-04/1203929293.PDF
300461,[田中精机]中德证券有限责任公司关于公司股票价格波动未达到《关于规范上市公司信息披露及相关各方行为的通知》（证监公司字[2007]128号）第五条相关标准的核查意见,http://www.cninfo.com.cn/finalpage/2017-09-04/1203929292.PDF
300461,[田中精机]中德证券有限责任公司关于在充分尽职调查和内核的基础上出具的承诺,http://www.cninfo.com.cn/finalpage/2017-09-04/1203929288.PDF
300461,[田中精机]拟收购深圳市远洋翔瑞机械有限公司45%股权项目评估报告,http://www.cninfo.com.cn/finalpage/2017-09-04/1203929287.PDF
300461,[田中精机]备考审阅报告及备考合并财务报表（2016年度、2017年1-4月）,http://www.cninfo.com.cn/finalpage/2017-09-04/1203929286.PDF
300461,[田中精机]前次募集资金使用情况鉴证报告（截至2017年6月30日止）,http://www.cninfo.com.cn/finalpage/2017-09-04/1203929284.PDF
300461,[田中精机]中德证券有限责任公司关于公司发行股份购买资产并募集配套资金暨关联交易之独立财务顾问报告,http://www.cninfo.com.cn/finalpage/2017-09-04/1203929290.PDF
300461,[田中精机]北京市高朋律师事务所关于公司发行股份购买资产并募集配套资金暨关联交易之法律意见书,http://www.cninfo.com.cn/finalpage/2017-09-04/1203929297.PDF
300461,[田中精机]独立董事关于发行股份购买资产并募集配套资金暨关联交易事项的独立意见,http://www.cninfo.com.cn/finalpage/2017-09-04/1203929272.PDF
300461,[田中精机]独立董事关于公司第二届董事会第二十二次会议相关事项的事前认可意见,http://www.cninfo.com.cn/finalpage/2017-09-04/1203929271.PDF
300558,[贝达药业]关于获得盐酸埃克替尼片剂《药品GMP证书》的公告,http://www.cninfo.com.cn/finalpage/2017-09-04/1203929267.PDF
300558,[贝达药业]关于召开2017年第二次临时股东大会的提示性公告,http://www.cninfo.com.cn/finalpage/2017-09-04/1203929268.PDF
300559,[佳发安泰]关于召开2017年第一次临时股东大会的通知,http://www.cninfo.com.cn/finalpage/2017-09-04/1203929266.PDF
300194,[福安药业]关于变更持续督导独立财务顾问主办人的公告,http://www.cninfo.com.cn/finalpage/2017-09-04/1203929265.PDF
002648,[卫星石化]关于签署《年产400万吨烯烃综合利用示范产业园项目合作框架协议书》的公告,http://www.cninfo.com.cn/finalpage/2017-09-04/1203929264.PDF
002010,[传化智联]关于公司及下属子公司签署协议的公告,http://www.cninfo.com.cn/finalpage/2017-09-04/1203929263.PDF
002576,[通达动力]重大资产重组进展公告,http://www.cninfo.com.cn/finalpage/2017-09-04/1203929262.PDF
002762,[金发拉比]关于拟购买国有土地使用权并签署《国有建设用地使用权出让合同》的公告,http://www.cninfo.com.cn/finalpage/2017-09-04/1203929261.PDF
002762,[金发拉比]第三届董事会第十二次会议决议公告,http://www.cninfo.com.cn/finalpage/2017-09-04/1203929260.PDF
000638,[万方发展]重大资产重组停牌进展公告,http://www.cninfo.com.cn/finalpage/2017-09-04/1203929259.PDF
000723,[美锦能源]关于第一大股东部分股份被司法冻结的公告,http://www.cninfo.com.cn/finalpage/2017-09-04/1203929258.PDF
000061,[农 产 品]关于拟公开挂牌转让中农网8.36%股权暨重大资产出售停牌的进展公告,http://www.cninfo.com.cn/finalpage/2017-09-04/1203925465.PDF
300689,[澄天伟业]关于签定募集资金三方监管协议的公告,http://www.cninfo.com.cn/finalpage/2017-09-04/1203925404.PDF
002248,[*ST东数]关于重大资产重组进展并召开投资者说明会的公告,http://www.cninfo.com.cn/finalpage/2017-09-04/1203925226.PDF
000983,[西山煤电]2017年面向合格投资者公开发行公司债券（第二期）票面利率公告,http://www.cninfo.com.cn/finalpage/2017-09-04/1203925218.PDF
002229,[鸿博股份]关于非公开发行股份上市流通的提示性公告,http://www.cninfo.com.cn/finalpage/2017-09-04/1203925076.PDF
002229,[鸿博股份]国金证券股份有限公司关于公司非公开发行股票限售股上市流通的核查意见,http://www.cninfo.com.cn/finalpage/2017-09-04/1203925077.PDF
002717,[岭南园林]关于公司为第一中标候选人公示的提示性公告,http://www.cninfo.com.cn/finalpage/2017-09-04/1203925075.PDF
300286,[安科瑞]关于股权激励已授予限制性股票回购注销完成的公告,http://www.cninfo.com.cn/finalpage/2017-09-04/1203925065.PDF
002183,[怡 亚 通]关于“14怡亚债”上调票面利率和投资者回售实施办法的第二次提示性公告,http://www.cninfo.com.cn/finalpage/2017-09-04/1203924881.PDF
300682,[朗新科技]股票交易异常波动公告,http://www.cninfo.com.cn/finalpage/2017-09-04/1203924725.PDF
002362,[汉王科技]股票交易异常波动公告,http://www.cninfo.com.cn/finalpage/2017-09-04/1203924675.PDF
002845,[同兴达]股票交易异常波动公告,http://www.cninfo.com.cn/finalpage/2017-09-04/1203924669.PDF
000932,[*ST华菱]股价异动公告,http://www.cninfo.com.cn/finalpage/2017-09-04/1203924665.PDF
002740,[爱迪尔]关于重大事项停牌的公告,http://www.cninfo.com.cn/finalpage/2017-09-04/1203924643.PDF
002825,[纳尔股份]关于使用自有资金购买理财产品的进展公告,http://www.cninfo.com.cn/finalpage/2017-09-04/1203924584.PDF
300590,[移为通信]第一届董事会第二十二次会议决议公告,http://www.cninfo.com.cn/finalpage/2017-09-04/1203924579.PDF
300590,[移为通信]关于重大资产重组进展暨延期复牌的公告,http://www.cninfo.com.cn/finalpage/2017-09-04/1203924580.PDF
002896,[中大力德]股票交易异常波动公告,http://www.cninfo.com.cn/finalpage/2017-09-04/1203924574.PDF
002416,[爱施德]2017年面向合格投资者公开发行公司债券票面利率公告,http://www.cninfo.com.cn/finalpage/2017-09-04/1203924536.PDF
300173,[智慧松德]关于持股5%以上股东名称变更的公告,http://www.cninfo.com.cn/finalpage/2017-09-04/1203924414.PDF
002602,[世纪华通]非公开发行限售股份上市流通提示性公告,http://www.cninfo.com.cn/finalpage/2017-09-04/1203924398.PDF
002196,[方正电机]关于召开2017年第一次临时股东大会的通知,http://www.cninfo.com.cn/finalpage/2017-09-04/1203924396.PDF
002196,[方正电机]第五届董事会第二十六次会议决议公告,http://www.cninfo.com.cn/finalpage/2017-09-04/1203924383.PDF
002196,[方正电机]第五届监事会第二十三次会议决议公告,http://www.cninfo.com.cn/finalpage/2017-09-04/1203924395.PDF
002196,[方正电机]关于本次非公开发行股票摊薄即期回报的风险提示及采取填补措施的公告,http://www.cninfo.com.cn/finalpage/2017-09-04/1203924384.PDF
002196,[方正电机]关于重大事项复牌公告,http://www.cninfo.com.cn/finalpage/2017-09-04/1203924397.PDF
002196,[方正电机]关于最近五年被证券监管部门和交易所采取处罚或监管措施情况的公告,http://www.cninfo.com.cn/finalpage/2017-09-04/1203924385.PDF
002196,[方正电机]2017年非公开发行股票募集资金使用可行性分析报告,http://www.cninfo.com.cn/finalpage/2017-09-04/1203924393.PDF
002196,[方正电机]2017年非公开发行A股股票预案,http://www.cninfo.com.cn/finalpage/2017-09-04/1203924392.PDF
002196,[方正电机]全体董事及高级管理人员关于公司2017年度非公开发行A股股票摊薄即期回报填补措施切实履行的承诺,http://www.cninfo.com.cn/finalpage/2017-09-04/1203924390.PDF
002196,[方正电机]控股股东及实际控制人关于公司2017年度非公开发行A股股票摊薄即期回报填补措施切实履行的承诺,http://www.cninfo.com.cn/finalpage/2017-09-04/1203924388.PDF
002196,[方正电机]控股股东、实际控制人、全体董事及高级管理人员关于公司2017年度非公开发行A股股票摊薄即期回报填补措施切实履行的承诺的公告,http://www.cninfo.com.cn/finalpage/2017-09-04/1203924386.PDF
002196,[方正电机]前次募集资金使用情况报告,http://www.cninfo.com.cn/finalpage/2017-09-04/1203924394.PDF
002196,[方正电机]利润分红政策及未来三年股东回报规划（2018—2020）,http://www.cninfo.com.cn/finalpage/2017-09-04/1203924389.PDF
002196,[方正电机]前次募集资金使用情况鉴证报告,http://www.cninfo.com.cn/finalpage/2017-09-04/1203924391.PDF
002196,[方正电机]独立董事关于公司2017年非公开发行股票相关事项的独立意见,http://www.cninfo.com.cn/finalpage/2017-09-04/1203924387.PDF
300436,[广生堂]关于2017年第三次临时股东大会决议的公告,http://www.cninfo.com.cn/finalpage/2017-09-04/1203924342.PDF
300436,[广生堂]2017年第三次临时股东大会法律意见书,http://www.cninfo.com.cn/finalpage/2017-09-04/1203924343.PDF
002614,[奥佳华]关于部分限制性股票回购注销完成的公告,http://www.cninfo.com.cn/finalpage/2017-09-04/1203924324.PDF
002138,[顺络电子]2017年半年度权益分派实施公告,http://www.cninfo.com.cn/finalpage/2017-09-04/1203924317.PDF
300503,[昊志机电]关于筹划非公开发行股票事项的停牌公告,http://www.cninfo.com.cn/finalpage/2017-09-04/1203924311.PDF
300176,[鸿特精密]关于高级管理人员股份减持计划的预披露公告,http://www.cninfo.com.cn/finalpage/2017-09-04/1203924309.PDF
002505,[大康农业]限售股份解除限售的提示性公告,http://www.cninfo.com.cn/finalpage/2017-09-04/1203924286.PDF
002505,[大康农业]国泰君安证券股份有限公司关于公司非公开发行A股股票限售股解禁的核查意见,http://www.cninfo.com.cn/finalpage/2017-09-04/1203924287.PDF
002802,[洪汇新材]2017年第二次临时股东大会决议公告,http://www.cninfo.com.cn/finalpage/2017-09-04/1203924281.PDF
002802,[洪汇新材]关于公司自然人股东减持股份的预披露公告,http://www.cninfo.com.cn/finalpage/2017-09-04/1203924274.PDF
002802,[洪汇新材]关于召开2017年第三次临时股东大会的通知,http://www.cninfo.com.cn/finalpage/2017-09-04/1203924273.PDF
002802,[洪汇新材]第二届董事会第十八次会议决议公告,http://www.cninfo.com.cn/finalpage/2017-09-04/1203924270.PDF
002802,[洪汇新材]关于2017年限制性股票激励计划内幕信息知情人买卖公司股票情况的自查报告,http://www.cninfo.com.cn/finalpage/2017-09-04/1203924272.PDF
002802,[洪汇新材]第二届监事会第十三次会议决议公告,http://www.cninfo.com.cn/finalpage/2017-09-04/1203924271.PDF
002802,[洪汇新材]承诺书,http://www.cninfo.com.cn/finalpage/2017-09-04/1203924282.PDF
002802,[洪汇新材]独立董事提名人声明（二）,http://www.cninfo.com.cn/finalpage/2017-09-04/1203924279.PDF
002802,[洪汇新材]独立董事提名人声明（一）,http://www.cninfo.com.cn/finalpage/2017-09-04/1203924278.PDF
002802,[洪汇新材]独立董事候选人声明（张熔显）,http://www.cninfo.com.cn/finalpage/2017-09-04/1203924277.PDF
002802,[洪汇新材]独立董事候选人声明（杨东汉）,http://www.cninfo.com.cn/finalpage/2017-09-04/1203924276.PDF
002802,[洪汇新材]2017年第二次临时股东大会的法律意见书,http://www.cninfo.com.cn/finalpage/2017-09-04/1203924280.PDF
002802,[洪汇新材]独立董事关于第二届董事会第十八次会议相关事项的独立意见,http://www.cninfo.com.cn/finalpage/2017-09-04/1203924275.PDF
002693,[双成药业]关于控股股东无偿借款的进展公告,http://www.cninfo.com.cn/finalpage/2017-09-04/1203924269.PDF
002738,[中矿资源]关于2015年限制性股票激励计划第二次解锁股份上市流通的公告,http://www.cninfo.com.cn/finalpage/2017-09-04/1203924268.PDF
300272,[开能环保]关于重大资产重组停牌进展公告,http://www.cninfo.com.cn/finalpage/2017-09-04/1203924214.PDF
300376,[易事特]关于立案调查事项进展暨风险提示的公告,http://www.cninfo.com.cn/finalpage/2017-09-04/1203924210.PDF
002167,[东方锆业]关于“12东锆债”票面利率不调整和投资者回售实施办法的第一次提示性公告,http://www.cninfo.com.cn/finalpage/2017-09-04/1203924180.PDF
002121,[科陆电子]关于“14科陆01”票面利率不调整暨投资者回售实施办法的第一次提示性公告,http://www.cninfo.com.cn/finalpage/2017-09-04/1203924068.PDF
002535,[林州重机]第四届董事会第六次会议决议公告,http://www.cninfo.com.cn/finalpage/2017-09-04/1203923883.PDF
002535,[林州重机]关于批准公司为三级保密资格单位的公告,http://www.cninfo.com.cn/finalpage/2017-09-04/1203923882.PDF
000032,[深桑达Ａ]董事会关于发行股份及支付现金购买资产进展暨继续停牌公告,http://www.cninfo.com.cn/finalpage/2017-09-04/1203923840.PDF
000717,[韶钢松山]股票交易异常波动公告,http://www.cninfo.com.cn/finalpage/2017-09-04/1203923838.PDF
000911,[南宁糖业]关于“12南糖债”票面利率不调整和投资者回售实施办法的第一次提示性公告,http://www.cninfo.com.cn/finalpage/2017-09-04/1203923800.PDF
300076,[GQY视讯]第四届董事会第二十次会议决议公告,http://www.cninfo.com.cn/finalpage/2017-09-04/1203923793.PDF
300076,[GQY视讯]关于会计政策变更的公告,http://www.cninfo.com.cn/finalpage/2017-09-04/1203923795.PDF
300076,[GQY视讯]第四届监事会第十九次会议决议公告,http://www.cninfo.com.cn/finalpage/2017-09-04/1203923794.PDF
002450,[康得新]关于重大事项进展及预计复牌时间的提示性公告,http://www.cninfo.com.cn/finalpage/2017-09-04/1203923708.PDF
000889,[茂业通信]重大资产重组事项进展公告,http://www.cninfo.com.cn/finalpage/2017-09-04/1203923657.PDF
002592,[八菱科技]关于公司证券事务代表离职的公告,http://www.cninfo.com.cn/finalpage/2017-09-04/1203923589.PDF
002569,[步森股份]关于重大资产重组停牌的进展公告,http://www.cninfo.com.cn/finalpage/2017-09-04/1203923587.PDF
002256,[兆新股份]重大资产重组停牌进展公告,http://www.cninfo.com.cn/finalpage/2017-09-04/1203923579.PDF
002015,[霞客环保]关于重大资产重组的进展公告,http://www.cninfo.com.cn/finalpage/2017-09-04/1203923578.PDF
002290,[中科新材]关于使用部分闲置募集资金购买理财产品到期赎回的公告,http://www.cninfo.com.cn/finalpage/2017-09-04/1203923576.PDF
002733,[雄韬股份]关于控股股东部分股权质押的公告,http://www.cninfo.com.cn/finalpage/2017-09-04/1203923566.PDF
000766,[通化金马]关于重大资产重组停牌进展公告,http://www.cninfo.com.cn/finalpage/2017-09-04/1203923553.PDF
000662,[天夏智慧]重大资产重组停牌进展公告,http://www.cninfo.com.cn/finalpage/2017-09-04/1203923552.PDF
300539,[横河模具]关于证券事务代表辞职的公告,http://www.cninfo.com.cn/finalpage/2017-09-04/1203923544.PDF
300700,[岱勒新材]首次公开发行股票并在创业板上市网下发行初步配售结果公告,http://www.cninfo.com.cn/finalpage/2017-09-04/1203923509.PDF
300700,[岱勒新材]首次公开发行股票并在创业板上市网上定价发行摇号中签结果公告,http://www.cninfo.com.cn/finalpage/2017-09-04/1203923508.PDF
002429,[兆驰股份]关于使用部分闲置募集资金购买银行通知存款及部分自有资金参与集合资金信托计划的进展公告,http://www.cninfo.com.cn/finalpage/2017-09-02/1203925523.PDF
300178,[腾邦国际]关于增加2017年第二次临时股东大会临时提案暨召开2017年第二次临时股东大会的补充通知公告,http://www.cninfo.com.cn/finalpage/2017-09-02/1203925521.PDF
300178,[腾邦国际]2017年员工持股计划（草案）,http://www.cninfo.com.cn/finalpage/2017-09-02/1203925519.PDF
300178,[腾邦国际]第三届董事会第四十三次会议决议公告,http://www.cninfo.com.cn/finalpage/2017-09-02/1203925517.PDF
300178,[腾邦国际]第三届监事会第二十九次会议决议公告,http://www.cninfo.com.cn/finalpage/2017-09-02/1203925518.PDF
300178,[腾邦国际]2017年员工持股计划（草案）摘要,http://www.cninfo.com.cn/finalpage/2017-09-02/1203925520.PDF
300178,[腾邦国际]独立董事关于第三届董事会第四十三次会议相关事项的独立意见,http://www.cninfo.com.cn/finalpage/2017-09-02/1203925522.PDF
200986,[粤华包Ｂ]关于收回佛山诚通欠款的公告,http://www.cninfo.com.cn/finalpage/2017-09-02/1203925466.PDF
200986,[粤华包Ｂ]广州证券股份有限公司关于公司2012年公司债券重大事项临时受托管理事务报告,http://www.cninfo.com.cn/finalpage/2017-09-02/1203925411.PDF
002063,[远光软件]第六届董事会第十一次会议决议公告,http://www.cninfo.com.cn/finalpage/2017-09-02/1203925462.PDF
002063,[远光软件]关于全资子公司投资粮食信息化业务设立合资公司的公告,http://www.cninfo.com.cn/finalpage/2017-09-02/1203925464.PDF
002063,[远光软件]关于对外投资设立基金管理公司并发起设立智能物联股权投资基金的公告,http://www.cninfo.com.cn/finalpage/2017-09-02/1203925463.PDF
002063,[远光软件]关于向控股子公司提供财务资助的公告,http://www.cninfo.com.cn/finalpage/2017-09-02/1203925461.PDF
002063,[远光软件]关于第六届董事会第十一次会议相关事项的独立意见,http://www.cninfo.com.cn/finalpage/2017-09-02/1203925460.PDF
002654,[万润科技]第四届董事会第三次会议决议公告,http://www.cninfo.com.cn/finalpage/2017-09-02/1203925458.PDF
002654,[万润科技]关于召开2017年第四次临时股东大会的通知,http://www.cninfo.com.cn/finalpage/2017-09-02/1203925440.PDF
002654,[万润科技]简式权益变动报告书（二）,http://www.cninfo.com.cn/finalpage/2017-09-02/1203925459.PDF
002654,[万润科技]简式权益变动报告书（一）,http://www.cninfo.com.cn/finalpage/2017-09-02/1203925456.PDF
002654,[万润科技]关于筹划发行股份购买资产停牌的进展公告（十四）,http://www.cninfo.com.cn/finalpage/2017-09-02/1203925443.PDF
002654,[万润科技]关于申请银行综合授信额度及提供担保的公告,http://www.cninfo.com.cn/finalpage/2017-09-02/1203925439.PDF
002654,[万润科技]关于发行股份购买资产的一般风险提示公告,http://www.cninfo.com.cn/finalpage/2017-09-02/1203925438.PDF
002654,[万润科技]关于开展票据池业务的公告,http://www.cninfo.com.cn/finalpage/2017-09-02/1203925442.PDF
002654,[万润科技]关于取消募集前次配套资金的公告,http://www.cninfo.com.cn/finalpage/2017-09-02/1203925441.PDF
002654,[万润科技]关于股票暂不复牌的提示性公告,http://www.cninfo.com.cn/finalpage/2017-09-02/1203925437.PDF
002654,[万润科技]独立董事关于有关事项的独立意见,http://www.cninfo.com.cn/finalpage/2017-09-02/1203925434.PDF
002654,[万润科技]独立董事关于评估机构的独立性、评估假设前提的合理性、评估方法与评估目的的相关性及评估定价的公允性的独立意见,http://www.cninfo.com.cn/finalpage/2017-09-02/1203925433.PDF
002654,[万润科技]独立董事关于本次发行股票及支付现金购买资产并募集配套资金暨关联交易的事前认可意见,http://www.cninfo.com.cn/finalpage/2017-09-02/1203925432.PDF
002654,[万润科技]独立董事关于本次发行股票及支付现金购买资产并募集配套资金暨关联交易的独立意见,http://www.cninfo.com.cn/finalpage/2017-09-02/1203925431.PDF
002654,[万润科技]发行股份及支付现金购买资产并募集配套资金暨关联交易报告书摘要,http://www.cninfo.com.cn/finalpage/2017-09-02/1203925457.PDF
002654,[万润科技]发行股份及支付现金购买资产并募集配套资金暨关联交易报告书,http://www.cninfo.com.cn/finalpage/2017-09-02/1203925449.PDF
002654,[万润科技]关于本次发行股份及支付现金购买资产并募集配套资金暨关联交易前12个月内购买、出售资产的说明,http://www.cninfo.com.cn/finalpage/2017-09-02/1203925435.PDF
002654,[万润科技]董事会关于本次发行股份及支付现金购买资产并募集配套资金暨关联交易事宜履行法定程序的完备性、合规性及提交的法律文件的有效性的说明,http://www.cninfo.com.cn/finalpage/2017-09-02/1203925428.PDF
002654,[万润科技]中小板上市公司重大资产重组方案首次披露对照表,http://www.cninfo.com.cn/finalpage/2017-09-02/1203925448.PDF
002654,[万润科技]关于提供信息真实性、准确性和完整性的承诺,http://www.cninfo.com.cn/finalpage/2017-09-02/1203925436.PDF
002654,[万润科技]董事会关于评估机构的独立性、评估假设前提的合理性、评估方法与评估目的的相关性及评估定价的公允性的意见,http://www.cninfo.com.cn/finalpage/2017-09-02/1203925430.PDF
002654,[万润科技]董事会关于公司股票价格波动是否达到《关于规范上市公司信息披露及相关各方行为的通知》第五条相关标准的说明,http://www.cninfo.com.cn/finalpage/2017-09-02/1203925429.PDF
002654,[万润科技]杭州信立传媒广告有限公司审计报告,http://www.cninfo.com.cn/finalpage/2017-09-02/1203925454.PDF
002654,[万润科技]审阅报告及备考财务报表,http://www.cninfo.com.cn/finalpage/2017-09-02/1203925455.PDF
002654,[万润科技]国泰君安证券股份有限公司关于公司本次重组前十二个月内购买、出售资产的核查意见,http://www.cninfo.com.cn/finalpage/2017-09-02/1203925447.PDF
002654,[万润科技]国泰君安证券股份有限公司关于公司本次交易产业政策和交易类型之专项核查意见,http://www.cninfo.com.cn/finalpage/2017-09-02/1203925446.PDF
002654,[万润科技]国泰君安证券股份有限公司关于公司前次发行股份及支付现金购买资产并募集配套资金之取消募集配套资金独立财务顾问意见,http://www.cninfo.com.cn/finalpage/2017-09-02/1203925445.PDF
002654,[万润科技]国泰君安证券股份有限公司关于公司发行股份及支付现金购买资产并募集配套资金暨关联交易之独立财务顾问报告,http://www.cninfo.com.cn/finalpage/2017-09-02/1203925444.PDF
002654,[万润科技]国浩律师（深圳）事务所关于公司发行股份及支付现金购买资产并募集配套资金暨关联交易之法律意见书,http://www.cninfo.com.cn/finalpage/2017-09-02/1203925451.PDF
002654,[万润科技]国浩律师（深圳）事务所关于公司发行股份及支付现金购买资产并募集配套资金之取消募集配套资金的法律意见书,http://www.cninfo.com.cn/finalpage/2017-09-02/1203925450.PDF
002654,[万润科技]拟发行股份及支付现金购买资产并募集配套资金所涉及的杭州信立传媒广告有限公司股东全部权益价值评估说明,http://www.cninfo.com.cn/finalpage/2017-09-02/1203925453.PDF
002654,[万润科技]拟发行股份及支付现金购买资产并募集配套资金所涉及的杭州信立传媒广告有限公司股东全部权益价值评估报告,http://www.cninfo.com.cn/finalpage/2017-09-02/1203925452.PDF
300365,[恒华科技]关于召开2017年第二次临时股东大会通知的公告,http://www.cninfo.com.cn/finalpage/2017-09-02/1203925426.PDF
300365,[恒华科技]关于延长非公开发行股票股东大会决议有效期及授权有效期的公告,http://www.cninfo.com.cn/finalpage/2017-09-02/1203925427.PDF
300365,[恒华科技]第三届董事会第二十九次会议决议公告,http://www.cninfo.com.cn/finalpage/2017-09-02/1203925423.PDF
300365,[恒华科技]第三届监事会第十七次会议决议公告,http://www.cninfo.com.cn/finalpage/2017-09-02/1203925424.PDF
300365,[恒华科技]独立董事关于第三届董事会第二十九次会议相关事项的独立意见,http://www.cninfo.com.cn/finalpage/2017-09-02/1203925425.PDF
002312,[*ST三泰]关于向激励对象授予限制性股票的公告,http://www.cninfo.com.cn/finalpage/2017-09-02/1203925421.PDF
002312,[*ST三泰]关于调整股权激励计划激励对象名单及授予权益数量的公告,http://www.cninfo.com.cn/finalpage/2017-09-02/1203925415.PDF
002312,[*ST三泰]第四届董事会第三十八次会议决议公告,http://www.cninfo.com.cn/finalpage/2017-09-02/1203925413.PDF
002312,[*ST三泰]监事会关于首次授予部分激励对象名单（调整后）的核查意见,http://www.cninfo.com.cn/finalpage/2017-09-02/1203925419.PDF
002312,[*ST三泰]2017年限制性股票激励计划首次授予部分激励对象名单（调整后）,http://www.cninfo.com.cn/finalpage/2017-09-02/1203925416.PDF
002312,[*ST三泰]第四届监事会第二十一次会议决议公告,http://www.cninfo.com.cn/finalpage/2017-09-02/1203925414.PDF
002312,[*ST三泰]上海荣正投资咨询有限公司关于公司2017年限制性股票激励计划授予事项之独立财务顾问报告,http://www.cninfo.com.cn/finalpage/2017-09-02/1203925420.PDF
002312,[*ST三泰]北京国枫律师事务所关于公司2017年限制性股票激励计划股票授予事项的法律意见书,http://www.cninfo.com.cn/finalpage/2017-09-02/1203925418.PDF
002312,[*ST三泰]独立董事关于第四届董事会第三十八次会议相关事项的独立意见,http://www.cninfo.com.cn/finalpage/2017-09-02/1203925417.PDF
300019,[硅宝科技]关于牵头承担国家重点研发计划重点基础材料技术提升与产业化重点专项2017年度项目获批立项的公告,http://www.cninfo.com.cn/finalpage/2017-09-02/1203925412.PDF
000768,[中航飞机]关于召开2017年第三次临时股东大会的通知,http://www.cninfo.com.cn/finalpage/2017-09-02/1203925409.PDF
000768,[中航飞机]第七届董事会第十次会议决议公告,http://www.cninfo.com.cn/finalpage/2017-09-02/1203925408.PDF
000768,[中航飞机]独立董事独立意见,http://www.cninfo.com.cn/finalpage/2017-09-02/1203925410.PDF
300151,[昌红科技]关于证券事务代表辞职的公告,http://www.cninfo.com.cn/finalpage/2017-09-02/1203925407.PDF
300044,[赛为智能]第四届董事会第一次会议决议公告,http://www.cninfo.com.cn/finalpage/2017-09-02/1203925401.PDF
300044,[赛为智能]2017年第三次临时股东大会决议公告,http://www.cninfo.com.cn/finalpage/2017-09-02/1203925398.PDF
300044,[赛为智能]关于聘任董事会秘书和证券事务代表的公告,http://www.cninfo.com.cn/finalpage/2017-09-02/1203925400.PDF
300044,[赛为智能]关于董事会、监事会换届及部分董事、监事离任的公告,http://www.cninfo.com.cn/finalpage/2017-09-02/1203925396.PDF
300044,[赛为智能]2017年第三次临时股东大会的法律意见书,http://www.cninfo.com.cn/finalpage/2017-09-02/1203925397.PDF
300044,[赛为智能]独立董事关于聘任高级管理人员的独立意见,http://www.cninfo.com.cn/finalpage/2017-09-02/1203925399.PDF
002385,[大北农]第四届董事会第十五次会议决议公告,http://www.cninfo.com.cn/finalpage/2017-09-02/1203925382.PDF
002385,[大北农]关于为参股子公司提供担保暨关联交易的公告,http://www.cninfo.com.cn/finalpage/2017-09-02/1203925393.PDF
002385,[大北农]关于对外提供担保的公告,http://www.cninfo.com.cn/finalpage/2017-09-02/1203925392.PDF
002385,[大北农]关于控股子公司向银行申请综合授信提供抵押担保的公告,http://www.cninfo.com.cn/finalpage/2017-09-02/1203925386.PDF
002385,[大北农]关于对外投资事项的公告,http://www.cninfo.com.cn/finalpage/2017-09-02/1203925385.PDF
002385,[大北农]关于2017年限制性股票激励计划（草案修订稿）修订说明的公告,http://www.cninfo.com.cn/finalpage/2017-09-02/1203925384.PDF
002385,[大北农]第四届监事会第七次会议决议公告,http://www.cninfo.com.cn/finalpage/2017-09-02/1203925383.PDF
002385,[大北农]关于公司控股股东股份解除质押的公告,http://www.cninfo.com.cn/finalpage/2017-09-02/1203925159.PDF
002385,[大北农]中小企业板上市公司股权激励计划草案自查表,http://www.cninfo.com.cn/finalpage/2017-09-02/1203925394.PDF
002385,[大北农]2017年限制性股票激励计划考核管理办法（修订稿）,http://www.cninfo.com.cn/finalpage/2017-09-02/1203925390.PDF
002385,[大北农]2017年限制性股票激励计划（草案修订稿）授予激励对象名单,http://www.cninfo.com.cn/finalpage/2017-09-02/1203925389.PDF
002385,[大北农]2017年限制性股票激励计划（草案修订稿）摘要,http://www.cninfo.com.cn/finalpage/2017-09-02/1203925388.PDF
002385,[大北农]2017年限制性股票激励计划（草案修订稿）,http://www.cninfo.com.cn/finalpage/2017-09-02/1203925387.PDF
002385,[大北农]北京市海润律师事务所关于公司2017年限制性股票激励计划之法律意见书,http://www.cninfo.com.cn/finalpage/2017-09-02/1203925391.PDF
002385,[大北农]独立董事关于第四届董事会第十五次会议相关事项的独立意见,http://www.cninfo.com.cn/finalpage/2017-09-02/1203925395.PDF
300327,[中颖电子]关于控股股东股份减持计划实施进展公告,http://www.cninfo.com.cn/finalpage/2017-09-02/1203924627.PDF
300327,[中颖电子]补充公告,http://www.cninfo.com.cn/finalpage/2017-09-02/1203925380.PDF
300327,[中颖电子]关于控股子公司取得发明专利证书的公告,http://www.cninfo.com.cn/finalpage/2017-09-02/1203925004.PDF
300487,[蓝晓科技]2017年第二次临时股东大会决议公告,http://www.cninfo.com.cn/finalpage/2017-09-02/1203925363.PDF
300487,[蓝晓科技]第三届董事会第一次会议决议公告,http://www.cninfo.com.cn/finalpage/2017-09-02/1203925364.PDF
300487,[蓝晓科技]第三届监事会第一次会议决议公告,http://www.cninfo.com.cn/finalpage/2017-09-02/1203925365.PDF
300487,[蓝晓科技]关于完成董事会换届选举的公告,http://www.cninfo.com.cn/finalpage/2017-09-02/1203925370.PDF
300487,[蓝晓科技]关于完成监事会换届选举的公告,http://www.cninfo.com.cn/finalpage/2017-09-02/1203925369.PDF
300487,[蓝晓科技]关于聘任高级管理人员的公告,http://www.cninfo.com.cn/finalpage/2017-09-02/1203925368.PDF
300487,[蓝晓科技]2017年第二次临时股东大会的法律意见,http://www.cninfo.com.cn/finalpage/2017-09-02/1203925367.PDF
300487,[蓝晓科技]独立董事对公司第三届董事会第一次会议审议有关事项的独立意见,http://www.cninfo.com.cn/finalpage/2017-09-02/1203925366.PDF
002316,[键桥通讯]关于召开2017年第四次临时股东大会的通知,http://www.cninfo.com.cn/finalpage/2017-09-02/1203925335.PDF
002316,[键桥通讯]关于控股子公司为其全资下属公司向银行申请综合授信额度及借款提供担保的公告,http://www.cninfo.com.cn/finalpage/2017-09-02/1203925340.PDF
002316,[键桥通讯]关于控股子公司的全资下属公司日常关联交易预计的公告,http://www.cninfo.com.cn/finalpage/2017-09-02/1203925334.PDF
002316,[键桥通讯]重大资产重组实施进展公告,http://www.cninfo.com.cn/finalpage/2017-09-02/1203925338.PDF
002316,[键桥通讯]第四届董事会第二十四次会议决议的公告,http://www.cninfo.com.cn/finalpage/2017-09-02/1203925333.PDF
002316,[键桥通讯]第四届监事会第十一次会议决议的公告,http://www.cninfo.com.cn/finalpage/2017-09-02/1203925339.PDF
002316,[键桥通讯]独立董事关于第四届董事会第二十四次会议相关事项发表的独立意见,http://www.cninfo.com.cn/finalpage/2017-09-02/1203925337.PDF
002316,[键桥通讯]独立董事关于第四届董事会第二十四次会议相关事项发表的事前认可意见,http://www.cninfo.com.cn/finalpage/2017-09-02/1203925336.PDF
002273,[水晶光电]第四届董事会第二十七次会议决议公告,http://www.cninfo.com.cn/finalpage/2017-09-02/1203925228.PDF
002273,[水晶光电]第四届监事会第十五次会议决议公告,http://www.cninfo.com.cn/finalpage/2017-09-02/1203925229.PDF
002273,[水晶光电]关于公司购买设备资产暨关联交易的公告,http://www.cninfo.com.cn/finalpage/2017-09-02/1203925233.PDF
002273,[水晶光电]关于继续使用部分闲置募集资金暂时补充流动资金的公告,http://www.cninfo.com.cn/finalpage/2017-09-02/1203925230.PDF
002273,[水晶光电]关于归还用于暂时补充流动资金的部分闲置募集资金的公告,http://www.cninfo.com.cn/finalpage/2017-09-02/1203925227.PDF
002273,[水晶光电]安信证券股份有限公司关于公司继续使用部分闲置募集资金暂时补充流动资金的专项核查意见,http://www.cninfo.com.cn/finalpage/2017-09-02/1203925232.PDF
002273,[水晶光电]独立董事关于第四届董事会第二十七次会议相关事项的事前认可意见和独立意见,http://www.cninfo.com.cn/finalpage/2017-09-02/1203925231.PDF
000917,[电广传媒]关于控股股东所持股份无偿划转的进展公告,http://www.cninfo.com.cn/finalpage/2017-09-02/1203925224.PDF
000917,[电广传媒]简式权益变动报告书,http://www.cninfo.com.cn/finalpage/2017-09-02/1203925225.PDF
000703,[恒逸石化]关于2017年半年度报告之第六节股份变动及股东情况中股东名称更正公告,http://www.cninfo.com.cn/finalpage/2017-09-02/1203925219.PDF
000703,[恒逸石化]2017年半年度报告摘要（更新后）,http://www.cninfo.com.cn/finalpage/2017-09-02/1203925221.PDF
000703,[恒逸石化]2017年半年度报告（更新后）,http://www.cninfo.com.cn/finalpage/2017-09-02/1203925220.PDF
002523,[天桥起重]关于召开2017年第一次临时股东大会的通知,http://www.cninfo.com.cn/finalpage/2017-09-02/1203925209.PDF
002523,[天桥起重]第四届董事会第十二次会议决议公告,http://www.cninfo.com.cn/finalpage/2017-09-02/1203925207.PDF
002523,[天桥起重]第四届监事会第八次会议决议公告,http://www.cninfo.com.cn/finalpage/2017-09-02/1203925208.PDF
002523,[天桥起重]关于解除战略框架协议的公告,http://www.cninfo.com.cn/finalpage/2017-09-02/1203925210.PDF
002523,[天桥起重]第一期员工持股计划（草案）,http://www.cninfo.com.cn/finalpage/2017-09-02/1203925217.PDF
002523,[天桥起重]董事会关于公司第一期员工持股计划草案合规性说明,http://www.cninfo.com.cn/finalpage/2017-09-02/1203925216.PDF
002523,[天桥起重]激励基金计划,http://www.cninfo.com.cn/finalpage/2017-09-02/1203925215.PDF
002523,[天桥起重]监事会关于第一期员工持股计划的审核意见,http://www.cninfo.com.cn/finalpage/2017-09-02/1203925213.PDF
002523,[天桥起重]第一期员工持股计划管理办法,http://www.cninfo.com.cn/finalpage/2017-09-02/1203925212.PDF
002523,[天桥起重]第一期员工持股计划（草案）摘要,http://www.cninfo.com.cn/finalpage/2017-09-02/1203925211.PDF
002523,[天桥起重]独立董事关于第四届董事会第十二次会议相关事项的独立意见,http://www.cninfo.com.cn/finalpage/2017-09-02/1203925214.PDF
002252,[上海莱士]关于股东科瑞天诚部分股份质押及解除质押的公告,http://www.cninfo.com.cn/finalpage/2017-09-02/1203925206.PDF
002217,[合力泰]关于股东股权质押的公告,http://www.cninfo.com.cn/finalpage/2017-09-02/1203925170.PDF
002460,[赣锋锂业]关于2017年半年度报告及摘要的更正公告,http://www.cninfo.com.cn/finalpage/2017-09-02/1203925168.PDF
002460,[赣锋锂业]2017年半年度报告（更新后）,http://www.cninfo.com.cn/finalpage/2017-09-02/1203925169.PDF
002460,[赣锋锂业]2017年半年度报告摘要（更新后）,http://www.cninfo.com.cn/finalpage/2017-09-02/1203925167.PDF
000524,[岭南控股]关于董事会九届一次会议决议的补充公告,http://www.cninfo.com.cn/finalpage/2017-09-02/1203925157.PDF
300522,[世名科技]关于部分高级管理人员股份减持计划的进展公告,http://www.cninfo.com.cn/finalpage/2017-09-02/1203925111.PDF
002161,[远 望 谷]第五届董事会第二十次（临时）会议决议公告,http://www.cninfo.com.cn/finalpage/2017-09-02/1203925104.PDF
002161,[远 望 谷]关于全资子公司对外投资设立合资公司的公告,http://www.cninfo.com.cn/finalpage/2017-09-02/1203925110.PDF
002161,[远 望 谷]关于全资子公司合作设立粮食产业投资基金的公告,http://www.cninfo.com.cn/finalpage/2017-09-02/1203925109.PDF
002161,[远 望 谷]关于会计政策变更的公告,http://www.cninfo.com.cn/finalpage/2017-09-02/1203925108.PDF
002161,[远 望 谷]关于向全资子公司增资的公告,http://www.cninfo.com.cn/finalpage/2017-09-02/1203925107.PDF
002161,[远 望 谷]第五届监事会第十三次（临时）会议决议公告,http://www.cninfo.com.cn/finalpage/2017-09-02/1203925106.PDF
002161,[远 望 谷]独立董事关于会计政策变更的独立意见,http://www.cninfo.com.cn/finalpage/2017-09-02/1203925105.PDF
000100,[TCL 集团]2017年第三次临时股东大会决议公告,http://www.cninfo.com.cn/finalpage/2017-09-02/1203925102.PDF
000100,[TCL 集团]2017年第三次临时股东大会的法律意见书,http://www.cninfo.com.cn/finalpage/2017-09-02/1203925103.PDF
002384,[东山精密]关于公司控股股东部分股权解除质押的公告,http://www.cninfo.com.cn/finalpage/2017-09-02/1203925080.PDF
002166,[莱茵生物]关于BT项目收到回购款并偿还前期项目借款的公告,http://www.cninfo.com.cn/finalpage/2017-09-02/1203925074.PDF
002367,[康力电梯]关于子公司银行账户部分资金被冻结的公告,http://www.cninfo.com.cn/finalpage/2017-09-02/1203925073.PDF
002293,[罗莱生活]关于内审负责人离职的公告,http://www.cninfo.com.cn/finalpage/2017-09-02/1203925072.PDF
000926,[福星股份]第九届董事会第十四次会议决议公告,http://www.cninfo.com.cn/finalpage/2017-09-02/1203925067.PDF
000926,[福星股份]关于2015年员工持股计划出售完毕及终止的公告,http://www.cninfo.com.cn/finalpage/2017-09-02/1203925071.PDF
000926,[福星股份]担保事项的公告（二）,http://www.cninfo.com.cn/finalpage/2017-09-02/1203925069.PDF
000926,[福星股份]担保事项公告（一）,http://www.cninfo.com.cn/finalpage/2017-09-02/1203925068.PDF
000926,[福星股份]独立董事意见,http://www.cninfo.com.cn/finalpage/2017-09-02/1203925070.PDF
000893,[东凌国际]关于持股5%以上股东短线交易的公告,http://www.cninfo.com.cn/finalpage/2017-09-02/1203925066.PDF
300599,[雄塑科技]关于公司全资子公司完成工商变更登记并换发营业执照的公告,http://www.cninfo.com.cn/finalpage/2017-09-02/1203925064.PDF
300387,[富邦股份]关于持股5%以上股东股份减持的进展公告,http://www.cninfo.com.cn/finalpage/2017-09-02/1203925056.PDF
002591,[恒大高新]关于诉讼进展的公告,http://www.cninfo.com.cn/finalpage/2017-09-02/1203925054.PDF
002359,[北讯集团]关于召开2017年第五次临时股东大会的提示性公告,http://www.cninfo.com.cn/finalpage/2017-09-02/1203925053.PDF
002359,[北讯集团]关于2017年第六次临时股东大会通知更正的公告,http://www.cninfo.com.cn/finalpage/2017-09-02/1203925052.PDF
002359,[北讯集团]2017年第六次临时股东大会通知公告（更新后）,http://www.cninfo.com.cn/finalpage/2017-09-02/1203925051.PDF
002183,[怡 亚 通]关于终止筹划重大事项召开投资者说明会的公告,http://www.cninfo.com.cn/finalpage/2017-09-02/1203925050.PDF
002183,[怡 亚 通]关于终止筹划重大事项的公告,http://www.cninfo.com.cn/finalpage/2017-09-02/1203925049.PDF
002168,[深圳惠程]关于召开2017年第一次临时股东大会的通知,http://www.cninfo.com.cn/finalpage/2017-09-02/1203925007.PDF
002168,[深圳惠程]第五届董事会第五十二次会议决议公告,http://www.cninfo.com.cn/finalpage/2017-09-02/1203925005.PDF
002168,[深圳惠程]公司章程修正案,http://www.cninfo.com.cn/finalpage/2017-09-02/1203925006.PDF
300017,[网宿科技]关于召开2017年第六次临时股东大会的提示性公告,http://www.cninfo.com.cn/finalpage/2017-09-02/1203925003.PDF
000851,[高鸿股份]第七届第七十四次董事会决议公告,http://www.cninfo.com.cn/finalpage/2017-09-02/1203924985.PDF
000851,[高鸿股份]关于公司向激励对象授予限制性股票的公告,http://www.cninfo.com.cn/finalpage/2017-09-02/1203924987.PDF
000851,[高鸿股份]第七届第四十二次监事会决议公告,http://www.cninfo.com.cn/finalpage/2017-09-02/1203924986.PDF
000851,[高鸿股份]2017年限制性股票激励计划激励对象人员名单,http://www.cninfo.com.cn/finalpage/2017-09-02/1203924991.PDF
000851,[高鸿股份]上海荣正投资咨询有限公司关于公司2017年限制性股票激励计划授予相关事项之独立财务顾问报告,http://www.cninfo.com.cn/finalpage/2017-09-02/1203924988.PDF
000851,[高鸿股份]北京市海润律师事务所关于公司2017年限制性股票激励计划授予事项的法律意见书,http://www.cninfo.com.cn/finalpage/2017-09-02/1203924989.PDF
000851,[高鸿股份]独立董事关于向激励对象授予限制性股票的独立意见,http://www.cninfo.com.cn/finalpage/2017-09-02/1203924990.PDF
002288,[超华科技]关于购买设备的公告,http://www.cninfo.com.cn/finalpage/2017-09-02/1203924976.PDF
002610,[爱康科技]关于第三届董事会第十九次临时会议相关事项的补充公告,http://www.cninfo.com.cn/finalpage/2017-09-02/1203924973.PDF
002610,[爱康科技]苏州爱康能源工程技术股份有限公司审计报告,http://www.cninfo.com.cn/finalpage/2017-09-02/1203924974.PDF
002610,[爱康科技]拟股权收购涉及的苏州爱康能源工程技术股份有限公司股东全部权益价值评估报告,http://www.cninfo.com.cn/finalpage/2017-09-02/1203924975.PDF
300042,[朗科科技]关于召开2017年第三次临时股东大会的通知,http://www.cninfo.com.cn/finalpage/2017-09-02/1203924972.PDF
300042,[朗科科技]第四届董事会第九次（临时）会议决议公告,http://www.cninfo.com.cn/finalpage/2017-09-02/1203924971.PDF
300042,[朗科科技]关于使用部分闲置募集资金购买银行理财产品的公告,http://www.cninfo.com.cn/finalpage/2017-09-02/1203924667.PDF
300248,[新开普]关于召开2017年第二次临时股东大会的提示性公告,http://www.cninfo.com.cn/finalpage/2017-09-02/1203924968.PDF
300248,[新开普]关于使用部分闲置自有资金进行现金管理到期赎回的公告,http://www.cninfo.com.cn/finalpage/2017-09-02/1203924970.PDF
300248,[新开普]关于使用部分闲置自有资金进行现金管理的进展公告,http://www.cninfo.com.cn/finalpage/2017-09-02/1203924969.PDF
000671,[阳 光 城]关于为子公司利碧辉泽房地产贷款10亿元提供担保的公告,http://www.cninfo.com.cn/finalpage/2017-09-02/1203924962.PDF
000797,[中国武夷]第六届董事会第六次会议决议公告,http://www.cninfo.com.cn/finalpage/2017-09-02/1203924959.PDF
000609,[绵石投资]详式权益变动报告书,http://www.cninfo.com.cn/finalpage/2017-09-02/1203924886.PDF
000609,[绵石投资]简式权益变动报告书（二）,http://www.cninfo.com.cn/finalpage/2017-09-02/1203924885.PDF
000609,[绵石投资]简式权益变动报告书（一）,http://www.cninfo.com.cn/finalpage/2017-09-02/1203924884.PDF
000609,[绵石投资]关于公司股东签署股份转让协议、表决权授予协议暨公司控制权变更、及复牌的提示性公告,http://www.cninfo.com.cn/finalpage/2017-09-02/1203924888.PDF
000609,[绵石投资]华西证券股份有限公司关于公司详式权益变动报告书之财务顾问核查意见,http://www.cninfo.com.cn/finalpage/2017-09-02/1203924887.PDF
002389,[南洋科技]关于收到《中国证监会行政许可项目审查二次反馈意见通知书》的公告,http://www.cninfo.com.cn/finalpage/2017-09-02/1203924883.PDF
002389,[南洋科技]中国证监会行政许可项目审查二次反馈意见通知书,http://www.cninfo.com.cn/finalpage/2017-09-02/1203924882.PDF
002340,[格林美]关于证券事务代表辞职的公告,http://www.cninfo.com.cn/finalpage/2017-09-02/1203924724.PDF
002369,[卓翼科技]关于全资子公司使用部分闲置募集资金进行现金管理的进展公告,http://www.cninfo.com.cn/finalpage/2017-09-02/1203924723.PDF
002464,[金利科技]关于公司股东股份转让承诺函的公告,http://www.cninfo.com.cn/finalpage/2017-09-02/1203924721.PDF
002334,[英威腾]关于深圳地铁2、5、8、9号线延长工程地铁车辆电气系统采购项目中标候选人公示的提示性公告,http://www.cninfo.com.cn/finalpage/2017-09-02/1203924676.PDF
002284,[亚太股份]关于2017年半年度报告的更正公告,http://www.cninfo.com.cn/finalpage/2017-09-02/1203924672.PDF
002284,[亚太股份]2017年半年度报告摘要（更新后）,http://www.cninfo.com.cn/finalpage/2017-09-02/1203924670.PDF
002284,[亚太股份]2017年半年度报告（更新后）,http://www.cninfo.com.cn/finalpage/2017-09-02/1203924671.PDF
002008,[大族激光]关于收到《中国证监会行政许可项目审查一次反馈意见通知书》的公告,http://www.cninfo.com.cn/finalpage/2017-09-02/1203924668.PDF
000971,[高升控股]关于部分高管人员减持股份预披露公告,http://www.cninfo.com.cn/finalpage/2017-09-02/1203924666.PDF
300128,[锦富技术]关于股东股份质押的公告,http://www.cninfo.com.cn/finalpage/2017-09-02/1203924663.PDF
000681,[视觉中国]关于注销部分募集资金专项账户的公告,http://www.cninfo.com.cn/finalpage/2017-09-02/1203924662.PDF
000010,[美丽生态]第九届董事会第二十五次会议决议公告,http://www.cninfo.com.cn/finalpage/2017-09-02/1203924660.PDF
000010,[美丽生态]独立董事关于聘任公司高级管理人员的独立意见,http://www.cninfo.com.cn/finalpage/2017-09-02/1203924661.PDF
000046,[泛海控股]2017年第五次临时股东大会决议公告,http://www.cninfo.com.cn/finalpage/2017-09-02/1203924659.PDF
000046,[泛海控股]关于公司控股股东所持公司部分股份质押及解质押情况的公告,http://www.cninfo.com.cn/finalpage/2017-09-02/1203924638.PDF
000046,[泛海控股]2017年第五次临时股东大会的法律意见书,http://www.cninfo.com.cn/finalpage/2017-09-02/1203924658.PDF
002722,[金轮股份]关于控股股东进行股票质押的公告,http://www.cninfo.com.cn/finalpage/2017-09-02/1203924657.PDF
002133,[广宇集团]第五届监事会第八次会议决议公告,http://www.cninfo.com.cn/finalpage/2017-09-02/1203924656.PDF
002146,[荣盛发展]关于召开公司2017年度第七次临时股东大会的通知,http://www.cninfo.com.cn/finalpage/2017-09-02/1203924655.PDF
002146,[荣盛发展]第五届董事会第五十八次会议决议公告,http://www.cninfo.com.cn/finalpage/2017-09-02/1203924652.PDF
002146,[荣盛发展]关于增加公司2017年度日常关联交易额度的公告,http://www.cninfo.com.cn/finalpage/2017-09-02/1203924654.PDF
002146,[荣盛发展]关于为荣盛张家口宣化新城开发有限公司等公司提供担保的公告,http://www.cninfo.com.cn/finalpage/2017-09-02/1203924653.PDF
002146,[荣盛发展]关于增加公司2017年度日常关联交易额度的事前认可意见,http://www.cninfo.com.cn/finalpage/2017-09-02/1203924651.PDF
002146,[荣盛发展]独立董事关于增加2017年度日常关联交易额度的独立意见,http://www.cninfo.com.cn/finalpage/2017-09-02/1203924650.PDF
002192,[融捷股份]持股5%以上股东减持股份预披露公告,http://www.cninfo.com.cn/finalpage/2017-09-02/1203924649.PDF
002474,[榕基软件]关于持股5%以上股东、部分董事及高管减持股份预披露的公告,http://www.cninfo.com.cn/finalpage/2017-09-02/1203924648.PDF
002474,[榕基软件]北京市康达律师事务所关于公司实施第二期员工持股计划的法律意见书,http://www.cninfo.com.cn/finalpage/2017-09-02/1203924647.PDF
002071,[长城影视]关于2017年半年度报告的补充更正公告,http://www.cninfo.com.cn/finalpage/2017-09-02/1203924646.PDF
002071,[长城影视]关于公司控股股东拟发行可交换债券的公告,http://www.cninfo.com.cn/finalpage/2017-09-02/1203924645.PDF
002071,[长城影视]2017年半年度报告（更新后）,http://www.cninfo.com.cn/finalpage/2017-09-02/1203924644.PDF
300468,[四方精创]关于持股5%以上股东减持股份的公告,http://www.cninfo.com.cn/finalpage/2017-09-02/1203924642.PDF
300389,[艾比森]关于董事、副总经理股份减持的进展公告,http://www.cninfo.com.cn/finalpage/2017-09-02/1203924641.PDF
300582,[英飞特]关于子公司签订重大日常经营性合同的公告,http://www.cninfo.com.cn/finalpage/2017-09-02/1203924637.PDF
300369,[绿盟科技]广发证券股份有限公司关于公司2017年半年度跟踪报告,http://www.cninfo.com.cn/finalpage/2017-09-02/1203924634.PDF
000925,[众合科技]何俊丽女士简历,http://www.cninfo.com.cn/finalpage/2017-09-02/1203924633.PDF
000826,[启迪桑德]关于2017年度第五期超短期融资券发行完成的公告,http://www.cninfo.com.cn/finalpage/2017-09-02/1203924632.PDF
300310,[宜通世纪]关于公司及子公司使用部分暂时闲置自有资金进行委托理财的进展公告,http://www.cninfo.com.cn/finalpage/2017-09-02/1203924628.PDF
002424,[贵州百灵]关于控股股东股份解除质押的公告,http://www.cninfo.com.cn/finalpage/2017-09-02/1203924624.PDF
002798,[帝王洁具]合计持股5%以上股东减持计划实施进展公告,http://www.cninfo.com.cn/finalpage/2017-09-02/1203924623.PDF
002480,[新筑股份]关于对深圳证券交易所问询函的回复公告,http://www.cninfo.com.cn/finalpage/2017-09-02/1203924622.PDF
002480,[新筑股份]国信证券股份有限公司关于《关于对成都市新筑路桥机械股份有限公司的问询函》之核查意见,http://www.cninfo.com.cn/finalpage/2017-09-02/1203924621.PDF
002480,[新筑股份]北京市金杜律师事务所关于《关于对成都市新筑路桥机械股份有限公司的问询函》之专项法律意见,http://www.cninfo.com.cn/finalpage/2017-09-02/1203924620.PDF
002010,[传化智联]第六届董事会第六次（临时）会议决议公告,http://www.cninfo.com.cn/finalpage/2017-09-02/1203924602.PDF
002010,[传化智联]关于召开2017年度第四次临时股东大会的通知,http://www.cninfo.com.cn/finalpage/2017-09-02/1203924605.PDF
002010,[传化智联]关于拟投资设立浙江智联慧通科技有限公司的公告,http://www.cninfo.com.cn/finalpage/2017-09-02/1203924618.PDF
002010,[传化智联]关于下属公司签署合资经营协议的公告,http://www.cninfo.com.cn/finalpage/2017-09-02/1203924617.PDF
002010,[传化智联]第六届监事会第四次（临时）会议决议公告,http://www.cninfo.com.cn/finalpage/2017-09-02/1203924615.PDF
002010,[传化智联]中小企业板上市公司股权激励计划草案自查表,http://www.cninfo.com.cn/finalpage/2017-09-02/1203924614.PDF
002010,[传化智联]监事会关于第三期股票期权激励对象名单的核查意见,http://www.cninfo.com.cn/finalpage/2017-09-02/1203924611.PDF
002010,[传化智联]第三期股票期权激励计划考核管理办法,http://www.cninfo.com.cn/finalpage/2017-09-02/1203924609.PDF
002010,[传化智联]2017年股票期权激励计划激励对象名单,http://www.cninfo.com.cn/finalpage/2017-09-02/1203924608.PDF
002010,[传化智联]第三期股票期权激励计划（草案）,http://www.cninfo.com.cn/finalpage/2017-09-02/1203924607.PDF
002010,[传化智联]第三期股票期权激励计划（草案）摘要,http://www.cninfo.com.cn/finalpage/2017-09-02/1203924603.PDF
002010,[传化智联]关于变更部分募集资金用途的公告,http://www.cninfo.com.cn/finalpage/2017-09-02/1203924616.PDF
002010,[传化智联]关于使用部分募集资金投资公路港项目可行性分析报告,http://www.cninfo.com.cn/finalpage/2017-09-02/1203924610.PDF
002010,[传化智联]独立董事公开征集委托投票权报告书,http://www.cninfo.com.cn/finalpage/2017-09-02/1203924604.PDF
002010,[传化智联]国泰君安证券股份有限公司关于公司募集资金投资项目变更的核查意见,http://www.cninfo.com.cn/finalpage/2017-09-02/1203924619.PDF
002010,[传化智联]上海荣正投资咨询有限公司关于公司第三期股票期权激励计划（草案）之独立财务顾问报告,http://www.cninfo.com.cn/finalpage/2017-09-02/1203924612.PDF
002010,[传化智联]浙江浙经律师事务所关于公司第三期股票期权激励计划的法律意见书,http://www.cninfo.com.cn/finalpage/2017-09-02/1203924613.PDF
002010,[传化智联]独立董事关于第六届董事会第六次（临时）会议相关事项的独立意见,http://www.cninfo.com.cn/finalpage/2017-09-02/1203924606.PDF
002514,[宝馨科技]关于召开2017年第二次临时股东大会的通知,http://www.cninfo.com.cn/finalpage/2017-09-02/1203924599.PDF
002514,[宝馨科技]第四届董事会第七次会议决议公告,http://www.cninfo.com.cn/finalpage/2017-09-02/1203924596.PDF
002514,[宝馨科技]关于子公司拟投资采用高压电极锅炉蓄热供热参与电厂灵活性辅助调峰项目的公告,http://www.cninfo.com.cn/finalpage/2017-09-02/1203924598.PDF
002514,[宝馨科技]第四届监事会第五次会议决议公告,http://www.cninfo.com.cn/finalpage/2017-09-02/1203924597.PDF
002514,[宝馨科技]关于控股股东部分股份质押的公告,http://www.cninfo.com.cn/finalpage/2017-09-02/1203924600.PDF
002514,[宝馨科技]第四届董事会第七次会议独立董事意见,http://www.cninfo.com.cn/finalpage/2017-09-02/1203924601.PDF
000540,[中天金融]关于召开2017年第四次临时股东大会的提示性公告,http://www.cninfo.com.cn/finalpage/2017-09-02/1203924592.PDF
000540,[中天金融]关于重大资产重组停牌进展公告,http://www.cninfo.com.cn/finalpage/2017-09-02/1203924593.PDF
000031,[中粮地产]关于重大资产重组停牌进展公告,http://www.cninfo.com.cn/finalpage/2017-09-02/1203924591.PDF
000806,[银河生物]关于注销募集资金专户的公告,http://www.cninfo.com.cn/finalpage/2017-09-02/1203924590.PDF
000018,[神州长城]关于签署重大合同的自愿性信息披露公告,http://www.cninfo.com.cn/finalpage/2017-09-02/1203924589.PDF
300295,[三六五网]关于监事减持进展情况的公告,http://www.cninfo.com.cn/finalpage/2017-09-02/1203924587.PDF
300295,[三六五网]简式权益变动报告书,http://www.cninfo.com.cn/finalpage/2017-09-02/1203924588.PDF
002696,[百洋股份]关于持股3%以上股东提请2017年第五次临时股东大会增加临时议案的公告,http://www.cninfo.com.cn/finalpage/2017-09-02/1203924585.PDF
002696,[百洋股份]关于变更2017年第五次临时股东大会部分议案暨召开2017年第五次临时股东大会补充通知的公告,http://www.cninfo.com.cn/finalpage/2017-09-02/1203923672.PDF
002696,[百洋股份]第三届董事会第十六次会议决议公告,http://www.cninfo.com.cn/finalpage/2017-09-02/1203923669.PDF
002696,[百洋股份]关于为参股公司借款提供担保的公告,http://www.cninfo.com.cn/finalpage/2017-09-02/1203923673.PDF
002696,[百洋股份]独立董事对第三届董事会第十六次会议相关事项的独立意见,http://www.cninfo.com.cn/finalpage/2017-09-02/1203923671.PDF
002696,[百洋股份]独立董事对公司为参股公司借款提供担保的事前认可意见,http://www.cninfo.com.cn/finalpage/2017-09-02/1203923670.PDF
000007,[全新好]关于召开2017年第七次临时股东大会的提示性公告,http://www.cninfo.com.cn/finalpage/2017-09-02/1203924577.PDF
000007,[全新好]关于重大资产重组实施进展公告,http://www.cninfo.com.cn/finalpage/2017-09-02/1203924578.PDF
000922,[*ST佳电]关于立案调查事项进展暨风险提示公告,http://www.cninfo.com.cn/finalpage/2017-09-02/1203923716.PDF
000922,[*ST佳电]海通证券股份有限公司关于公司之非公开发行股票持续督导之2017年培训情况报告,http://www.cninfo.com.cn/finalpage/2017-09-02/1203924576.PDF
000922,[*ST佳电]海通证券股份有限公司关于公司之2017年上半年现场检查报告,http://www.cninfo.com.cn/finalpage/2017-09-02/1203924575.PDF
002634,[棒杰股份]关于2016年度第一期非公开定向债务融资工具兑付完成的公告,http://www.cninfo.com.cn/finalpage/2017-09-02/1203924573.PDF
002069,[獐子岛]大股东减持股份预披露公告,http://www.cninfo.com.cn/finalpage/2017-09-02/1203924535.PDF
002668,[奥马电器]关于重大资产重组停牌进展公告,http://www.cninfo.com.cn/finalpage/2017-09-02/1203924534.PDF
300304,[云意电气]监事会关于公司第一期（2017年-2019年）限制性股票激励计划激励对象名单的审核意见及公示情况说明,http://www.cninfo.com.cn/finalpage/2017-09-02/1203924529.PDF
000676,[智度股份]关于募集资金购买理财产品赎回的公告,http://www.cninfo.com.cn/finalpage/2017-09-02/1203924528.PDF
000507,[珠海港]广州证券股份有限公司关于公司2016年面向合格投资者公开发行公司债券重大事项受托管理事务临时报告,http://www.cninfo.com.cn/finalpage/2017-09-02/1203924527.PDF
002233,[塔牌集团]关于持股5%以上股东减持股份的预披露公告,http://www.cninfo.com.cn/finalpage/2017-09-02/1203924412.PDF
002102,[冠福股份]关于公司与明发集团有限公司股权转让纠纷相关诉讼的裁定结果公告,http://www.cninfo.com.cn/finalpage/2017-09-02/1203924411.PDF
002285,[世联行]关于变更公司2017年第二次临时股东大会召开时间的公告,http://www.cninfo.com.cn/finalpage/2017-09-02/1203924410.PDF
002213,[特 尔 佳]第四届董事会第五次会议决议公告,http://www.cninfo.com.cn/finalpage/2017-09-02/1203924404.PDF
002213,[特 尔 佳]第四届监事会第三次会议决议公告,http://www.cninfo.com.cn/finalpage/2017-09-02/1203924407.PDF
002213,[特 尔 佳]关于续聘会计师事务所的公告,http://www.cninfo.com.cn/finalpage/2017-09-02/1203924406.PDF
002213,[特 尔 佳]关于聘任公司高级管理人员的公告,http://www.cninfo.com.cn/finalpage/2017-09-02/1203924405.PDF
002213,[特 尔 佳]独立董事关于第四届董事会第五次会议相关事项的独立意见,http://www.cninfo.com.cn/finalpage/2017-09-02/1203924409.PDF
002213,[特 尔 佳]独立董事关于续聘会计师事务所的事前认可意见,http://www.cninfo.com.cn/finalpage/2017-09-02/1203924408.PDF
002070,[*ST众和]关于更换独立财务顾问的公告,http://www.cninfo.com.cn/finalpage/2017-09-02/1203924402.PDF
002070,[*ST众和]关于重大资产重组进展暨继续停牌的公告,http://www.cninfo.com.cn/finalpage/2017-09-02/1203924403.PDF
002584,[西陇科学]控股股东股份质押变动公告,http://www.cninfo.com.cn/finalpage/2017-09-02/1203924401.PDF
002742,[三圣股份]2017年半年度权益分派实施公告,http://www.cninfo.com.cn/finalpage/2017-09-02/1203924400.PDF
002630,[华西能源]关于拟中标PPP项目的提示性公告,http://www.cninfo.com.cn/finalpage/2017-09-02/1203924399.PDF
000633,[合金投资]第九届董事会第三十四次会议决议公告,http://www.cninfo.com.cn/finalpage/2017-09-02/1203924381.PDF
000633,[合金投资]关于筹划重组停牌期满申请继续停牌公告,http://www.cninfo.com.cn/finalpage/2017-09-02/1203924382.PDF
002127,[南极电商]关于持股5%以上股东减持股份的预披露公告,http://www.cninfo.com.cn/finalpage/2017-09-02/1203924359.PDF
002240,[威华股份]关于《详式权益变动报告书》修订说明的公告,http://www.cninfo.com.cn/finalpage/2017-09-02/1203924356.PDF
002240,[威华股份]详式权益变动报告书（修订稿）,http://www.cninfo.com.cn/finalpage/2017-09-02/1203924357.PDF
002240,[威华股份]国海证券股份有限公司关于公司详式权益变动报告书（修订稿）之财务顾问核查意见,http://www.cninfo.com.cn/finalpage/2017-09-02/1203924358.PDF
002588,[史丹利]2017年第一次股东大会决议公告,http://www.cninfo.com.cn/finalpage/2017-09-02/1203924354.PDF
002588,[史丹利]2017年第一次临时股东大会的法律意见书,http://www.cninfo.com.cn/finalpage/2017-09-02/1203924355.PDF
002206,[海 利 得]重大诉讼进展公告,http://www.cninfo.com.cn/finalpage/2017-09-02/1203924353.PDF
002297,[博云新材]第五届董事会第十次会议决议公告,http://www.cninfo.com.cn/finalpage/2017-09-02/1203924350.PDF
002297,[博云新材]关于归还用于暂时补充流动资金的闲置募集资金的公告,http://www.cninfo.com.cn/finalpage/2017-09-02/1203923575.PDF
002297,[博云新材]关于终止重大资产重组事项的公告,http://www.cninfo.com.cn/finalpage/2017-09-02/1203924351.PDF
002297,[博云新材]关于控股子公司处置部分闲置资产的公告,http://www.cninfo.com.cn/finalpage/2017-09-02/1203924352.PDF
002297,[博云新材]东北证券股份有限公司关于公司终止重大资产重组事项之独立财务顾问核查意见,http://www.cninfo.com.cn/finalpage/2017-09-02/1203924349.PDF
002297,[博云新材]独立董事关于终止重大资产重组事项的事前认可意见,http://www.cninfo.com.cn/finalpage/2017-09-02/1203924348.PDF
002297,[博云新材]独立董事关于第五届董事会第十次会议相关事项的独立意见,http://www.cninfo.com.cn/finalpage/2017-09-02/1203924347.PDF
300513,[恒泰实达]关于持股5%以下股东减持股份计划的提示性公告,http://www.cninfo.com.cn/finalpage/2017-09-02/1203924345.PDF
300079,[数码科技]关于董监高减持股份的预披露公告,http://www.cninfo.com.cn/finalpage/2017-09-02/1203924340.PDF
000727,[华东科技]关于董事辞职的公告,http://www.cninfo.com.cn/finalpage/2017-09-02/1203924328.PDF
000760,[斯太尔]关于暂未收到控股股东2016年度业绩补偿款的公告,http://www.cninfo.com.cn/finalpage/2017-09-02/1203924327.PDF
000513,[丽珠集团]关于公司董事辞职公告,http://www.cninfo.com.cn/finalpage/2017-09-02/1203924326.PDF
000965,[天保基建]天津保税区投资控股集团有限公司2017年上半年度财务报表（未经审计）,http://www.cninfo.com.cn/finalpage/2017-09-02/1203924325.PDF
002638,[勤上股份]关于重大资产重组停牌进展公告,http://www.cninfo.com.cn/finalpage/2017-09-02/1203924323.PDF
002488,[金固股份]关于召开2017年第二次临时股东大会的通知,http://www.cninfo.com.cn/finalpage/2017-09-02/1203924320.PDF
002488,[金固股份]第四届董事会第四次会议决议的公告,http://www.cninfo.com.cn/finalpage/2017-09-02/1203924318.PDF
002488,[金固股份]关于为子公司提供担保额度的公告,http://www.cninfo.com.cn/finalpage/2017-09-02/1203924319.PDF
002488,[金固股份]关于修改《公司章程》部分条款的公告,http://www.cninfo.com.cn/finalpage/2017-09-02/1203924321.PDF
002488,[金固股份]公司章程（2017年9月）,http://www.cninfo.com.cn/finalpage/2017-09-02/1203924322.PDF
002373,[千方科技]关于筹划重大资产重组的停牌公告,http://www.cninfo.com.cn/finalpage/2017-09-02/1203924316.PDF
002795,[永和智控]关于控股股东进行股票质押式回购交易的公告,http://www.cninfo.com.cn/finalpage/2017-09-02/1203924315.PDF
002841,[视源股份]关于使用闲置自有资金购买银行理财产品到期赎回并继续购买理财产品的公告,http://www.cninfo.com.cn/finalpage/2017-09-02/1203924314.PDF
002841,[视源股份]关于证券事务代表辞职的公告,http://www.cninfo.com.cn/finalpage/2017-09-02/1203924313.PDF
300010,[立思辰]关于董事减持股份预披露公告,http://www.cninfo.com.cn/finalpage/2017-09-02/1203924305.PDF
300466,[赛摩电气]关于重大资产重组进展的公告,http://www.cninfo.com.cn/finalpage/2017-09-02/1203924289.PDF
300466,[赛摩电气]光大证券股份有限公司关于公司重大资产重组停牌期间重组进展信息披露的真实性、继续停牌的合理性和6个月内复牌的可行性的核查意见,http://www.cninfo.com.cn/finalpage/2017-09-02/1203924290.PDF
002739,[万达电影]第四届董事会第十五次会议决议公告,http://www.cninfo.com.cn/finalpage/2017-09-02/1203924284.PDF
002739,[万达电影]关于公司重大资产重组停牌期满申请继续停牌的公告,http://www.cninfo.com.cn/finalpage/2017-09-02/1203924285.PDF
002076,[雪 莱 特]关于筹划发行股份购买资产的停牌进展公告,http://www.cninfo.com.cn/finalpage/2017-09-02/1203924283.PDF
002141,[贤丰控股]关于监事会换届选举的提示性公告,http://www.cninfo.com.cn/finalpage/2017-09-02/1203924267.PDF
002141,[贤丰控股]关于董事会换届选举的提示性公告,http://www.cninfo.com.cn/finalpage/2017-09-02/1203924266.PDF
002115,[三维通信]关于公司股东股份质押的公告,http://www.cninfo.com.cn/finalpage/2017-09-02/1203924265.PDF
002647,[民盛金科]关于重大资产购买重组事项的实施进展公告,http://www.cninfo.com.cn/finalpage/2017-09-02/1203924264.PDF
000803,[*ST金宇]董事会关于筹划重组停牌期满申请继续停牌公告,http://www.cninfo.com.cn/finalpage/2017-09-02/1203924263.PDF
300556,[丝路视觉]第二届董事会第十五次会议决议公告,http://www.cninfo.com.cn/finalpage/2017-09-02/1203924212.PDF
300556,[丝路视觉]关于公司高管变动的公告,http://www.cninfo.com.cn/finalpage/2017-09-02/1203924213.PDF
300556,[丝路视觉]独立董事关于第二届董事会第十五次会议相关事项的独立意见,http://www.cninfo.com.cn/finalpage/2017-09-02/1203924211.PDF
300313,[天山生物]关于股票存在被实施暂停上市风险的提示性公告,http://www.cninfo.com.cn/finalpage/2017-09-02/1203924126.PDF
300313,[天山生物]关于延期回复深圳证券交易所重组问询函暨股票继续停牌的公告,http://www.cninfo.com.cn/finalpage/2017-09-02/1203924127.PDF
300313,[天山生物]民生证券股份有限公司关于公司2017年上半年度持续督导定期现场检查报告,http://www.cninfo.com.cn/finalpage/2017-09-02/1203924208.PDF
000021,[深科技]关于召开2017年度（第二次）临时股东大会的通知,http://www.cninfo.com.cn/finalpage/2017-09-02/1203924204.PDF
000021,[深科技]第八届董事会第十三次会议决议公告,http://www.cninfo.com.cn/finalpage/2017-09-02/1203924203.PDF
000021,[深科技]关于深科技彩田工业园城市更新单元项目建设投资的公告,http://www.cninfo.com.cn/finalpage/2017-09-02/1203924205.PDF
000571,[新大洲Ａ]关于与中检集团溯源技术服务有限公司签署《战略合作协议》公告,http://www.cninfo.com.cn/finalpage/2017-09-02/1203924202.PDF
000738,[航发控制]关于签署募集资金四方监管协议的公告,http://www.cninfo.com.cn/finalpage/2017-09-02/1203924201.PDF
000420,[吉林化纤]关于控股股东增持公司股份进展情况的公告,http://www.cninfo.com.cn/finalpage/2017-09-02/1203924200.PDF
002871,[伟隆股份]关于使用部分闲置自有资金购买理财产品到期赎回并继续购买银行理财产品的公告,http://www.cninfo.com.cn/finalpage/2017-09-02/1203924186.PDF
002485,[希努尔]关于董事会、监事会延期换届选举的提示性公告,http://www.cninfo.com.cn/finalpage/2017-09-02/1203924184.PDF
002485,[希努尔]光大证券股份有限公司关于广州雪松文化旅游投资有限公司要约收购公司之持续督导意见,http://www.cninfo.com.cn/finalpage/2017-09-02/1203924185.PDF
002439,[启明星辰]关于为全资子公司向银行申请授信额度提供担保的进展公告,http://www.cninfo.com.cn/finalpage/2017-09-02/1203924183.PDF
002280,[联络互动]2017年第四次临时股东大会决议公告,http://www.cninfo.com.cn/finalpage/2017-09-02/1203924181.PDF
002280,[联络互动]2017年第四次临时股东大会的法律意见书,http://www.cninfo.com.cn/finalpage/2017-09-02/1203924182.PDF
300432,[富临精工]关于孙公司完成工商注册登记的公告,http://www.cninfo.com.cn/finalpage/2017-09-02/1203924130.PDF
000632,[三木集团]2017年第三次临时股东大会决议公告,http://www.cninfo.com.cn/finalpage/2017-09-02/1203924120.PDF
000632,[三木集团]2017年第三次临时股东大会的法律意见书,http://www.cninfo.com.cn/finalpage/2017-09-02/1203924121.PDF
000155,[*ST川化]关于重大资产购买涉及股权交割完成的公告,http://www.cninfo.com.cn/finalpage/2017-09-02/1203924119.PDF
000620,[新华联]关于召开2017年第四次临时股东大会的提示性公告,http://www.cninfo.com.cn/finalpage/2017-09-02/1203924117.PDF
000620,[新华联]关于2015年非公开发行股票业绩变化会后事项的说明,http://www.cninfo.com.cn/finalpage/2017-09-02/1203924118.PDF
002225,[濮耐股份]关于关注公司客户被申请破产重整的公告,http://www.cninfo.com.cn/finalpage/2017-09-02/1203924116.PDF
002289,[宇顺电子]关于注册地址变更完成的公告,http://www.cninfo.com.cn/finalpage/2017-09-02/1203924115.PDF
002549,[凯美特气]关于完成工商变更登记的公告,http://www.cninfo.com.cn/finalpage/2017-09-02/1203924114.PDF
002486,[嘉麟杰]2014年公司债券临时受托管理事务报告（2017年度）,http://www.cninfo.com.cn/finalpage/2017-09-02/1203924069.PDF
002411,[必康股份]关于实际控制人通过信托计划增持公司股份的公告,http://www.cninfo.com.cn/finalpage/2017-09-02/1203924067.PDF
002053,[云南能投]董事会2017年第六次临时会议决议公告,http://www.cninfo.com.cn/finalpage/2017-09-02/1203924058.PDF
002053,[云南能投]监事会2017年第六次临时会议决议公告,http://www.cninfo.com.cn/finalpage/2017-09-02/1203924061.PDF
002053,[云南能投]关于对参股公司云南云天化集团财务有限公司增资的关联交易的公告,http://www.cninfo.com.cn/finalpage/2017-09-02/1203924060.PDF
002053,[云南能投]关于筹划重大资产重组继续停牌的公告,http://www.cninfo.com.cn/finalpage/2017-09-02/1203924059.PDF
002053,[云南能投]董事会审计委员会关于对参股公司云南云天化集团财务有限公司增资的关联交易事项的审核意见,http://www.cninfo.com.cn/finalpage/2017-09-02/1203924066.PDF
002053,[云南能投]独立董事关于对参股公司云南云天化集团财务有限公司增资的关联交易事项的独立意见,http://www.cninfo.com.cn/finalpage/2017-09-02/1203924065.PDF
002053,[云南能投]独立董事关于公司筹划重大资产重组继续停牌暨关联交易事项的独立意见,http://www.cninfo.com.cn/finalpage/2017-09-02/1203924064.PDF
002053,[云南能投]独立董事关于公司筹划重大资产重组继续停牌暨关联交易事项的事前认可,http://www.cninfo.com.cn/finalpage/2017-09-02/1203924063.PDF
002053,[云南能投]独立董事关于对参股公司云南云天化集团财务有限公司增资的关联交易事项的事前认可,http://www.cninfo.com.cn/finalpage/2017-09-02/1203924062.PDF
002451,[摩恩电气]关于控股股东股份解除质押的公告,http://www.cninfo.com.cn/finalpage/2017-09-02/1203924057.PDF
000731,[四川美丰]关于公司董事、总裁陈润先生辞职的公告,http://www.cninfo.com.cn/finalpage/2017-09-02/1203924056.PDF
000720,[新能泰山]关于公司发行股份购买资产并募集配套资金暨关联交易之标的资产交割完成情况的公告,http://www.cninfo.com.cn/finalpage/2017-09-02/1203924053.PDF
000720,[新能泰山]南京证券股份有限公司关于公司发行股份购买资产并募集配套资金暨关联交易涉及资产过户事宜之独立财务顾问核查意见,http://www.cninfo.com.cn/finalpage/2017-09-02/1203924055.PDF
000720,[新能泰山]北京国枫律师事务所关于公司发行股份购买资产并募集配套资金暨关联交易之标的资产过户情况的法律意见书,http://www.cninfo.com.cn/finalpage/2017-09-02/1203924054.PDF
000935,[四川双马]2017年第三次临时股东大会决议公告,http://www.cninfo.com.cn/finalpage/2017-09-02/1203923969.PDF
000935,[四川双马]2017年第三次临时股东大会的法律意见书,http://www.cninfo.com.cn/finalpage/2017-09-02/1203923970.PDF
000905,[厦门港务]董事会关于召开2017年度第二次临时股东大会的通知,http://www.cninfo.com.cn/finalpage/2017-09-02/1203923961.PDF
000905,[厦门港务]第六届董事会第六次会议决议公告,http://www.cninfo.com.cn/finalpage/2017-09-02/1203923959.PDF
000905,[厦门港务]关于股权收购及增资的公告,http://www.cninfo.com.cn/finalpage/2017-09-02/1203923968.PDF
000905,[厦门港务]关于调整贸易公司2017年度套期保值额度的公告,http://www.cninfo.com.cn/finalpage/2017-09-02/1203923960.PDF
000905,[厦门港务]石狮市华锦码头储运有限公司财务报表,http://www.cninfo.com.cn/finalpage/2017-09-02/1203923964.PDF
000905,[厦门港务]石狮市华锦码头储运有限公司专项审计报告,http://www.cninfo.com.cn/finalpage/2017-09-02/1203923963.PDF
000905,[厦门港务]拟股权收购涉及的石狮市华锦码头储运有限公司股东全部权益评估说明,http://www.cninfo.com.cn/finalpage/2017-09-02/1203923967.PDF
000905,[厦门港务]拟股权收购所涉及的石狮市华锦码头储运有限公司股东全部权益评估报告书,http://www.cninfo.com.cn/finalpage/2017-09-02/1203923962.PDF
000905,[厦门港务]独立董事相关事项独立意见,http://www.cninfo.com.cn/finalpage/2017-09-02/1203923966.PDF
000905,[厦门港务]募集资金管理制度（2017年9月）,http://www.cninfo.com.cn/finalpage/2017-09-02/1203923965.PDF
002528,[英飞拓]第四届董事会第九次会议决议公告,http://www.cninfo.com.cn/finalpage/2017-09-02/1203923956.PDF
002528,[英飞拓]关于申请银行授信的公告,http://www.cninfo.com.cn/finalpage/2017-09-02/1203923958.PDF
002528,[英飞拓]第四届监事会第八次会议决议公告,http://www.cninfo.com.cn/finalpage/2017-09-02/1203923957.PDF
002594,[比亚迪]关于商用车中标公示的公告,http://www.cninfo.com.cn/finalpage/2017-09-02/1203923955.PDF
000403,[ST生化]重大资产重组停牌进展公告,http://www.cninfo.com.cn/finalpage/2017-09-02/1203923885.PDF
000566,[海南海药]关于控股子公司归还募集资金的公告,http://www.cninfo.com.cn/finalpage/2017-09-02/1203923884.PDF
002796,[世嘉科技]监事会关于2017年限制性股票激励计划激励对象名单的审核及公示情况说明,http://www.cninfo.com.cn/finalpage/2017-09-02/1203923881.PDF
002194,[武汉凡谷]关于收到湖北证监局行政监管措施决定书的公告,http://www.cninfo.com.cn/finalpage/2017-09-02/1203923879.PDF
300404,[博济医药]关于重大资产重组停牌的进展公告,http://www.cninfo.com.cn/finalpage/2017-09-02/1203923843.PDF
000006,[深振业Ａ]关于召开2017年第三次临时股东大会的提示性公告,http://www.cninfo.com.cn/finalpage/2017-09-02/1203923841.PDF
000038,[深大通]关于筹划重大资产重组停牌进展公告,http://www.cninfo.com.cn/finalpage/2017-09-02/1203923839.PDF
002258,[利尔化学]2017年第一次临时股东大会决议公告,http://www.cninfo.com.cn/finalpage/2017-09-02/1203923837.PDF
002258,[利尔化学]2017年第一次临时股东大会的法律意见书,http://www.cninfo.com.cn/finalpage/2017-09-02/1203923836.PDF
002498,[汉缆股份]关于设立全资子公司完成工商登记的公告,http://www.cninfo.com.cn/finalpage/2017-09-02/1203923835.PDF
002757,[南兴装备]关于筹划重大资产重组进展的公告,http://www.cninfo.com.cn/finalpage/2017-09-02/1203923834.PDF
002669,[康达新材]关于筹划发行股份购买资产的停牌进展公告,http://www.cninfo.com.cn/finalpage/2017-09-02/1203923833.PDF
000686,[东北证券]关于2012年度非公开发行股份解除限售的提示性公告,http://www.cninfo.com.cn/finalpage/2017-09-02/1203923820.PDF
000686,[东北证券]东吴证券股份有限公司关于公司2012年度非公开发行限售股份解除限售的核查意见,http://www.cninfo.com.cn/finalpage/2017-09-02/1203923821.PDF
000750,[国海证券]2017年证券公司次级债券（第二期）发行结果公告,http://www.cninfo.com.cn/finalpage/2017-09-02/1203923819.PDF
000863,[三湘印象]关于股东权益变动进展的提示性公告,http://www.cninfo.com.cn/finalpage/2017-09-02/1203923818.PDF
000906,[浙商中拓]关于转让湖南高星物流园开发有限公司51%股权的进展公告,http://www.cninfo.com.cn/finalpage/2017-09-02/1203923817.PDF
000670,[盈方微]关于全资子公司遭受飓风灾害影响的公告,http://www.cninfo.com.cn/finalpage/2017-09-02/1203923799.PDF
000693,[*ST华泽]第九届董事会独立董事关于2017年半年度报告中资金占用和对外担保的独立意见,http://www.cninfo.com.cn/finalpage/2017-09-02/1203923798.PDF
002151,[北斗星通]关于完成变更部分募投项目暨收购Rx Networks Inc.股权并增资的公告,http://www.cninfo.com.cn/finalpage/2017-09-02/1203923785.PDF
002151,[北斗星通]关于变更公司域名及邮箱后缀的公告,http://www.cninfo.com.cn/finalpage/2017-09-02/1203923797.PDF
002151,[北斗星通]关于公司副总经理、董事会秘书辞职的公告,http://www.cninfo.com.cn/finalpage/2017-09-02/1203923783.PDF
002827,[高争民爆]关于完成工商变更登记并换发营业执照的公告,http://www.cninfo.com.cn/finalpage/2017-09-02/1203923796.PDF
002354,[天神娱乐]关于公司对外投资的进展公告,http://www.cninfo.com.cn/finalpage/2017-09-02/1203923784.PDF
300057,[万顺股份]2017年第三次临时股东大会决议公告,http://www.cninfo.com.cn/finalpage/2017-09-02/1203923780.PDF
300057,[万顺股份]2017年第三次临时股东大会的法律意见书,http://www.cninfo.com.cn/finalpage/2017-09-02/1203923781.PDF
300688,[创业黑马]关于召开2017年第二次临时股东大会的通知,http://www.cninfo.com.cn/finalpage/2017-09-02/1203923768.PDF
002110,[三钢闽光]关于筹划发行股份购买资产的进展公告,http://www.cninfo.com.cn/finalpage/2017-09-02/1203923756.PDF
002055,[得润电子]关于发行股份及支付现金购买资产并募集配套资金实施进展的公告,http://www.cninfo.com.cn/finalpage/2017-09-02/1203923755.PDF
002055,[得润电子]高级管理人员辞职公告,http://www.cninfo.com.cn/finalpage/2017-09-02/1203923754.PDF
002365,[永安药业]关于取得发明专利证书的公告,http://www.cninfo.com.cn/finalpage/2017-09-02/1203923753.PDF
000721,[西安饮食]第八届董事会第四次临时会议决议公告,http://www.cninfo.com.cn/finalpage/2017-09-02/1203923751.PDF
000721,[西安饮食]独立董事关于聘任公司副总经理的独立意见,http://www.cninfo.com.cn/finalpage/2017-09-02/1203923752.PDF
000783,[长江证券]关于控股子公司长江期货股份有限公司在全国中小企业股份转让系统挂牌获核准的公告,http://www.cninfo.com.cn/finalpage/2017-09-02/1203923750.PDF
300687,[赛意信息]光大证券股份有限公司关于公司2017年半年度持续督导跟踪报告,http://www.cninfo.com.cn/finalpage/2017-09-02/1203923731.PDF
002541,[鸿路钢构]关于签订重大经营合同的公告,http://www.cninfo.com.cn/finalpage/2017-09-02/1203923730.PDF
002781,[奇信股份]关于筹划发行股份及支付现金购买资产停牌进展的公告,http://www.cninfo.com.cn/finalpage/2017-09-02/1203923729.PDF
002054,[德美化工]关于公司购买银行理财产品的公告,http://www.cninfo.com.cn/finalpage/2017-09-02/1203923728.PDF
002465,[海格通信]关于发行股份及支付现金购买资产并募集配套资金暨关联交易之标的资产过户实施进展的公告,http://www.cninfo.com.cn/finalpage/2017-09-02/1203923727.PDF
002684,[猛狮科技]关于筹划重大资产重组的进展公告,http://www.cninfo.com.cn/finalpage/2017-09-02/1203923726.PDF
000025,[特  力Ａ]关于参与竞拍深圳市兴龙机械模具有限公司股权的进展公告,http://www.cninfo.com.cn/finalpage/2017-09-02/1203923725.PDF
000972,[*ST中基]关于召开2017年第二次临时股东大会的提示性公告,http://www.cninfo.com.cn/finalpage/2017-09-02/1203923724.PDF
000426,[兴业矿业]关于2017年半年度报告的更正公告,http://www.cninfo.com.cn/finalpage/2017-09-02/1203923714.PDF
000426,[兴业矿业]2017年半年度报告摘要（更新后）,http://www.cninfo.com.cn/finalpage/2017-09-02/1203923713.PDF
000426,[兴业矿业]2017年半年度报告（更新后）,http://www.cninfo.com.cn/finalpage/2017-09-02/1203923715.PDF
300103,[达刚路机]关于董事辞职的公告,http://www.cninfo.com.cn/finalpage/2017-09-02/1203923711.PDF
002122,[天马股份]关于浙江证监局对公司及相关人员采取出具警示函措施的公告,http://www.cninfo.com.cn/finalpage/2017-09-02/1203923710.PDF
002097,[山河智能]关于全资子公司完成工商变更登记的公告,http://www.cninfo.com.cn/finalpage/2017-09-02/1203923709.PDF
002407,[多氟多]监事会关于2017年限制性股票激励计划激励对象人员名单的核查意见及公示情况说明,http://www.cninfo.com.cn/finalpage/2017-09-02/1203923675.PDF
002407,[多氟多]2017年限制性股票激励计划激励对象名单,http://www.cninfo.com.cn/finalpage/2017-09-02/1203923674.PDF
002646,[青青稞酒]关于控股股东部分股份解除质押的公告,http://www.cninfo.com.cn/finalpage/2017-09-02/1203923668.PDF
002653,[海思科]第三届董事会第十次会议决议公告,http://www.cninfo.com.cn/finalpage/2017-09-02/1203923663.PDF
002653,[海思科]第三届监事会第七次会议决议公告,http://www.cninfo.com.cn/finalpage/2017-09-02/1203923664.PDF
002653,[海思科]关于会计政策变更的公告,http://www.cninfo.com.cn/finalpage/2017-09-02/1203923667.PDF
002653,[海思科]关于对外投资设立控股子公司的公告,http://www.cninfo.com.cn/finalpage/2017-09-02/1203923666.PDF
002653,[海思科]独立董事对相关事项发表的独立意见,http://www.cninfo.com.cn/finalpage/2017-09-02/1203923665.PDF
002878,[元隆雅图]关于使用部分暂时闲置募集资金进行现金管理的进展公告,http://www.cninfo.com.cn/finalpage/2017-09-02/1203923662.PDF
000023,[深天地Ａ]第八届董事会第五十次临时会议决议公告,http://www.cninfo.com.cn/finalpage/2017-09-02/1203923658.PDF
000023,[深天地Ａ]关于设立混凝土专业子公司的公告,http://www.cninfo.com.cn/finalpage/2017-09-02/1203923660.PDF
000023,[深天地Ａ]第八届监事会第二十六次会议决议公告,http://www.cninfo.com.cn/finalpage/2017-09-02/1203923659.PDF
000979,[中弘股份]关于控股股东部分股权质押公告,http://www.cninfo.com.cn/finalpage/2017-09-02/1203923656.PDF
002702,[海欣食品]第五届董事会第二次会议决议公告,http://www.cninfo.com.cn/finalpage/2017-09-02/1203923650.PDF
002702,[海欣食品]关于终止实施2016年限制性股票激励计划暨回购注销已授予未解锁的全部限制性股票的公告,http://www.cninfo.com.cn/finalpage/2017-09-02/1203923654.PDF
002702,[海欣食品]第五届监事会第二次会议决议公告,http://www.cninfo.com.cn/finalpage/2017-09-02/1203923651.PDF
002702,[海欣食品]上海明伦（无锡）律师事务所关于公司终止实施2016年限制性股票激励计划暨回购注销已授予未解锁的全部限制性股票的法律意见,http://www.cninfo.com.cn/finalpage/2017-09-02/1203923653.PDF
002702,[海欣食品]独立董事关于第五届董事会第二次会议相关事项的独立意见,http://www.cninfo.com.cn/finalpage/2017-09-02/1203923652.PDF
002021,[中捷资源]关于公司监事辞职的公告,http://www.cninfo.com.cn/finalpage/2017-09-02/1203923649.PDF
000838,[财信发展]国泰君安证券股份有限公司关于公司重大资产重组停牌期间重组进展信息披露的真实性、继续停牌的合理性和6个月内复牌可行性的核查意见,http://www.cninfo.com.cn/finalpage/2017-09-02/1203923603.PDF
300566,[激智科技]关于控股子公司完成工商变更登记的公告,http://www.cninfo.com.cn/finalpage/2017-09-02/1203923601.PDF
002481,[双塔食品]关于使用部分闲置募集资金进行现金管理的公告,http://www.cninfo.com.cn/finalpage/2017-09-02/1203923595.PDF
000911,[南宁糖业]第六届董事会2017年第五次临时会议（通讯表决）决议公告,http://www.cninfo.com.cn/finalpage/2017-09-02/1203923592.PDF
000911,[南宁糖业]关于对外投资设立参股公司的公告,http://www.cninfo.com.cn/finalpage/2017-09-02/1203923594.PDF
000911,[南宁糖业]第六届监事会2017年第三次临时会议（通讯表决）决议公告,http://www.cninfo.com.cn/finalpage/2017-09-02/1203923593.PDF
002390,[信邦制药]关于为控股子公司提供担保的公告,http://www.cninfo.com.cn/finalpage/2017-09-02/1203923590.PDF
002287,[奇正藏药]关于使用自有资金购买银行理财产品的进展公告,http://www.cninfo.com.cn/finalpage/2017-09-02/1203923588.PDF
002260,[德奥通航]关于重大资产重组停牌进展暨延期回复深交所问询函的公告,http://www.cninfo.com.cn/finalpage/2017-09-02/1203923586.PDF
002519,[银河电子]第六届董事会第十五次会议决议公告,http://www.cninfo.com.cn/finalpage/2017-09-02/1203923580.PDF
002519,[银河电子]关于回购公司股份的进展公告,http://www.cninfo.com.cn/finalpage/2017-09-02/1203923584.PDF
002519,[银河电子]关于公司2014年限制性股票激励计划暂缓授予的限制性股票第二个解锁期可解锁的公告,http://www.cninfo.com.cn/finalpage/2017-09-02/1203923582.PDF
002519,[银河电子]第六届监事会第十二次会议决议公告,http://www.cninfo.com.cn/finalpage/2017-09-02/1203923581.PDF
002519,[银河电子]北京市海润律师事务所关于公司2014年限制性股票激励计划暂缓授予的限制性股票第二期解锁相关事项的法律意见书,http://www.cninfo.com.cn/finalpage/2017-09-02/1203923583.PDF
002519,[银河电子]独立董事对公司相关事项的独立意见,http://www.cninfo.com.cn/finalpage/2017-09-02/1203923585.PDF
002370,[亚太药业]关于控股股东部分股权解除质押的公告,http://www.cninfo.com.cn/finalpage/2017-09-02/1203923577.PDF
002350,[北京科锐]关于公司配股申请获得中国证监会受理的公告,http://www.cninfo.com.cn/finalpage/2017-09-02/1203923574.PDF
002067,[景兴纸业]关于为艾特克控股集团股份有限公司提供担保的进展公告,http://www.cninfo.com.cn/finalpage/2017-09-02/1203923573.PDF
002173,[创新医疗]第五届董事会2017年第十次临时会议决议公告,http://www.cninfo.com.cn/finalpage/2017-09-02/1203923570.PDF
002173,[创新医疗]关于变更公司董事会秘书的公告,http://www.cninfo.com.cn/finalpage/2017-09-02/1203923571.PDF
002173,[创新医疗]独立董事对第五届董事会2017年第十次临时会议相关事项发表的独立意见,http://www.cninfo.com.cn/finalpage/2017-09-02/1203923572.PDF
002511,[中顺洁柔]广东启源律师事务所关于公司第一期员工持股计划的法律意见书,http://www.cninfo.com.cn/finalpage/2017-09-02/1203923569.PDF
002147,[新光圆成]关于注销募集资金专项账户的公告,http://www.cninfo.com.cn/finalpage/2017-09-02/1203923568.PDF
002734,[利民股份]关于回购股份的进展公告,http://www.cninfo.com.cn/finalpage/2017-09-02/1203923567.PDF
002716,[金贵银业]第四届董事会第二次会议决议公告,http://www.cninfo.com.cn/finalpage/2017-09-02/1203923565.PDF
002716,[金贵银业]关于召开2017年第二次临时股东大会的通知,http://www.cninfo.com.cn/finalpage/2017-09-02/1203923564.PDF
000573,[粤宏远Ａ]关于威宁县结里煤焦有限公司与孔家沟煤矿整合涉诉进展公告,http://www.cninfo.com.cn/finalpage/2017-09-02/1203923563.PDF
000761,[本钢板材]关于公司发生火灾事故的公告,http://www.cninfo.com.cn/finalpage/2017-09-02/1203923562.PDF
000301,[东方市场]关于设立全资子公司的进展公告,http://www.cninfo.com.cn/finalpage/2017-09-02/1203923561.PDF
000937,[冀中能源]关于召开2017年第二次临时股东大会的提示性公告,http://www.cninfo.com.cn/finalpage/2017-09-02/1203923560.PDF
000557,[西部创业]关于重大资产重组进展情况的公告,http://www.cninfo.com.cn/finalpage/2017-09-02/1203923559.PDF
000615,[京汉股份]关于召开2017年第六次临时股东大会的提示性公告,http://www.cninfo.com.cn/finalpage/2017-09-02/1203923557.PDF
000615,[京汉股份]监事会关于2017年限制性股票与股票期权激励计划激励对象名单的公示情况说明及审核意见,http://www.cninfo.com.cn/finalpage/2017-09-02/1203923558.PDF
000099,[中信海直]中信建投证券股份有限公司关于公司重大资产重组停牌期间重组进展信息披露的真实性、继续停牌的合理性和6个月内复牌的可行性的核查意见,http://www.cninfo.com.cn/finalpage/2017-09-02/1203923556.PDF
000558,[莱茵体育]关于召开2017年第三次临时股东大会的提示性公告,http://www.cninfo.com.cn/finalpage/2017-09-02/1203923555.PDF
000022,[深赤湾Ａ]关于召开2017年度第一次临时股东大会的提示性公告,http://www.cninfo.com.cn/finalpage/2017-09-02/1203923554.PDF
000836,[鑫茂科技]重大资产重组进展公告,http://www.cninfo.com.cn/finalpage/2017-09-02/1203923551.PDF
300054,[鼎龙股份]关于签署募集资金三方监管协议的公告,http://www.cninfo.com.cn/finalpage/2017-09-02/1203923548.PDF
300352,[北信源]关于公司及全资子公司取得专利证书的公告,http://www.cninfo.com.cn/finalpage/2017-09-02/1203923542.PDF
300034,[钢研高纳]关于发行股份购买资产停牌进展公告,http://www.cninfo.com.cn/finalpage/2017-09-02/1203923540.PDF
300622,[博士眼镜]中德证券有限责任公司关于公司2017年上半年跟踪报告,http://www.cninfo.com.cn/finalpage/2017-09-02/1203923538.PDF
